code,name,category,description,target,Options
ALQ120Q,How often drink alcohol over past 12 mos,ALQ,"In the past 12 months, how often did {you/SP} drink any type of alcoholic beverage? PROBE: How many days per week, per month, or per year did {you/SP} drink?",0 to 366,"{'0 to 350': 'Range of Values', '0 to 360': 'Range of Values', '0 to 365': 'Range of Values', '777': 'Refused', '999': ""Don't know"", '.': 'Missing'}"
ALQ120U,"# days drink alcohol per wk, mo, yr",ALQ,UNIT OF MEASURE.,"Both males and females 18 YEARS -
			150 YEARS","{'1': 'Week', '2': 'Month', '3': 'Year', '7': 'Refused', '9': ""Don't know"", '.': 'Missing'}"
ALQ130,Avg # alcohol drinks/day - past 12 mos,ALQ,"During the past 12 months, on those days that {you/SP} drank alcoholic beverages, on the average, how many drinks did {you/he/she} have? By a drink, I mean a 12 oz. beer, a 5 oz. glass of wine, or one and a half ounces of liquor.)",1 to 14,"{'1 to 13': 'Range of Values', '1 to 14': 'Range of Values', '1 to 25': 'Range of Values', '1 to 32': 'Range of Values', '1 to 36': 'Range of Values', '1 to 44': 'Range of Values', '1 to 50': 'Range of Values', '1 to 82': 'Range of Values', '1 to 83': 'Range of Values', '15': '15 drinks or more', '77': 'Refused', '777': 'Refused', '99': ""Don't know"", '999': ""Don't know"", '.': 'Missing'}"
ALQ140Q,#days have 5 or more drinks/past 12 mos,ALQ,"In the past 12 months, on how many days did {you/SP} have 5 or more drinks of any alcoholic beverage? PROBE: How many days per week, per month, or per year did {you/SP} have 5 or more drinks in a single day?",0 to 366,"{'0 to 304': 'Range of Values', '0 to 365': 'Range of Values', '777': 'Refused', '7777': 'Refused', '999': ""Don't know"", '9999': ""Don't know"", '.': 'Missing'}"
ALQ151,Ever have 4/5 or more drinks every day?,ALQ,Was there ever a time or times in {your/SP's} life when {you/he/she} drank {DISPLAY NUMBER} or more drinks of any kind of alcoholic beverage almost every day?,"Both males and females 18 YEARS -
			150 YEARS","{'0': 'No', '1': 'Yes', '7': 'Refused', '9': ""Don't know"", '.': 'Missing'}"
AUQ150,Ever worn a hearing aid,AUQ,{Have you/Has SP} ever worn a hearing aid?,"Both males and females 12 YEARS -
			150 YEARS","{'0': 'No', '1': 'Yes', '7': 'Refused', '9': ""Don't know"", '.': 'Missing'}"
AUQ131,General condition of hearing,AUQ,"These next questions are about {your/SP's} hearing.  Which statement best describes {your/SP's} hearing (without a hearing aid)?  Would you say {your/his/her} hearing is excellent, good, that {you have/s/he has} a little trouble, moderate trouble, a lot of trouble, or {are you/is s/he} deaf?","Both males and females 1 YEARS -
			150 YEARS","{'1': 'Excellent', '2': 'Good', '3': 'A little trouble', '4': 'Moderate hearing trouble', '5': 'A lot of trouble', '6': 'Deaf', '7': 'Refused', '9': ""Don't know"", '.': 'Missing'}"
AUQ136,Ever had 3 or more ear infections?,AUQ,{Have you/Has SP} ever had 3 or more ear infections? Please include ear infections {you/he/she} may have had when {you were/he was/she was} a child.,"Both males and females 20 YEARS -
			150 YEARS","{'0': 'No', '1': 'Yes', '7': 'Refused', '9': ""Don't know"", '.': 'Missing'}"
AUQ138,Ever had tube placed in ear?,AUQ,{Have you/Has SP} ever had a tube placed in {your/his/her} ear to drain the fluid from {your/his/her} ear?,"Both males and females 20 YEARS -
			150 YEARS","{'0': 'No', '1': 'Yes', '7': 'Refused', '9': ""Don't know"", '.': 'Missing'}"
AUQ054,General condition of hearing,AUQ,"These next questions are about {your/SP's} hearing. Which statement best describes {your/SP's} hearing (without a hearing aid, personal sound amplifier, or other listening devices)? Would you say {your/his/her} hearing is excellent, good, that {you have/s/he has} a little trouble, moderate trouble, a lot of trouble, or {are you/is s/he} deaf?","Both males and females 1 YEARS -
			150 YEARS","{'1': 'Excellent', '2': 'Good', '3': 'A little trouble', '4': 'Moderate hearing trouble', '5': 'A lot of trouble', '6': 'Deaf', '77': 'Refused', '99': ""Don't know"", '.': 'Missing'}"
BPQ050A,Now taking prescribed medicine for HBP,BPQ,{Are you/Is SP} now taking prescribed medicine?,"Both males and females 16 YEARS -
			150 YEARS","{'0': 'No', '1': 'Yes', '7': 'Refused', '9': ""Don't know"", '.': 'Missing'}"
BPQ060,Ever had blood cholesterol checked,BPQ,{Have you/Has SP} ever had {your/his/her} blood cholesterol checked?,"Both males and females 16 YEARS -
			150 YEARS","{'0': 'No', '1': 'Yes', '7': 'Refused', '9': ""Don't know"", '.': 'Missing'}"
BPQ090D,Told to take prescriptn for cholesterol,BPQ,"[To lower (your/his/her) blood cholesterol, (have/has) (you/SP) ever been told by a doctor or other health professional]... to take prescribed medicine?","Both males and females 16 YEARS -
			150 YEARS","{'0': 'No', '1': 'Yes', '7': 'Refused', '9': ""Don't know"", '.': 'Missing'}"
HSQ500,SP have head cold or chest cold,HSQ,Did {you/SP} have a head cold or chest cold that started during those 30 days?,"Both males and females 1 YEARS -
			150 YEARS","{'0': 'No', '1': 'Yes', '7': 'Refused', '9': ""Don't know"", '.': 'Missing'}"
HSQ590,Blood ever tested for HIV virus?,HSQ,"Except for tests {you/SP} may have had as part of blood donations, {have you/has he/has she} ever had {your/his/her} blood tested for the AIDS virus infection?","Both males and females 16 YEARS -
			150 YEARS","{'0': 'No', '1': 'Yes', '7': 'Refused', '9': ""Don't know"", '.': 'Missing'}"
HSQ470,no. of days physical health was not good,HSQ,"The next questions are about {your/SP's} recent health during the 30 days outlined on the calendar.  Thinking about {your/SP's} physical health, which includes physical illness and injury, for how many days during the past 30 days was {your/his/her} physical health not good?","Both males and females 12 YEARS -
			150 YEARS","{'0 to 30': 'Range of Values', '77': 'Refused', '99': ""Don't know"", '.': 'Missing'}"
DIQ010,Doctor told you have diabetes,DIQ,"The next questions are about specific medical conditions. {Other than during pregnancy, {have you/has SP}/{Have you/Has SP}} ever been told by a doctor or health professional that {you have/{he/she/SP} has} diabetes or sugar diabetes?","Both males and females 1 YEARS -
			150 YEARS","{'1': 'Yes', '2': 'No', '3': 'Borderline', '7': 'Refused', '9': ""Don't know"", '.': 'Missing'}"
DIQ160,Ever told you have prediabetes,DIQ,"{Have you/Has SP} ever been told by a doctor or other health professional that {you have/SP has} any of the following:  prediabetes, impaired fasting glucose, impaired glucose tolerance, borderline diabetes or that {your/her/his} blood sugar is higher than normal but not high enough to be called diabetes or sugar diabetes?","Both males and females 12 YEARS -
			150 YEARS","{'0': 'No', '1': 'Yes', '7': 'Refused', '9': ""Don't know"", '.': 'Missing'}"
DIQ170,Ever told have health risk for diabetes,DIQ,{Have you/Has SP} ever been told by a doctor or other health professional that {you have/s/he has} health conditions or a medical or family history that increases {your/his/her} risk for diabetes?,"Both males and females 12 YEARS -
			150 YEARS","{'0': 'No', '1': 'Yes', '7': 'Refused', '9': ""Don't know"", '.': 'Missing'}"
DIQ180,Had blood tested past three years,DIQ,{Have you/Has SP} had a blood test for high blood sugar or diabetes within the past three years?,"Both males and females 12 YEARS -
			150 YEARS","{'0': 'No', '1': 'Yes', '7': 'Refused', '9': ""Don't know"", '.': 'Missing'}"
DIQ172,Feel could be at risk for diabetes,DIQ,{Do you/Does SP} feel {you/he/she} could be at risk for diabetes or prediabetes?,"Both males and females 12 YEARS -
			150 YEARS","{'0': 'No', '1': 'Yes', '7': 'Refused', '9': ""Don't know"", '.': 'Missing'}"
CBQ505,Eat at fast food/pizza places,DBQ,"{I'll tell you when you will need it.} For the first few questions, please answer yes or no. In the past 12 months, did you buy food from fast food or pizza places? SP interview version: In the past 12 months, did {you/SP} buy food from fast food or pizza places?","Both males and females 16 YEARS -
			150 YEARS","{'0': 'No', '1': 'Yes', '7': 'Refused', '9': ""Don't know"", '.': 'Missing'}"
DBQ915,Self-perceived vegetarian,DBQ,{Do you/Does SP} consider {yourself/himself/herself} to be a vegetarian?,"Both males and females 1 YEARS -
			150 YEARS","{'0': 'No', '1': 'Yes', '7': 'Refused', '9': ""Don't know"", '.': 'Missing'}"
DBQ930,Main meal planner/preparer,DBQ,{Are you/Is SP} the person who does most of the planning or preparing of meals in {your/SP's} family?,"Both males and females 16 YEARS -
			150 YEARS","{'0': 'No', '1': 'Yes', '7': 'Refused', '9': ""Don't know"", '.': 'Missing'}"
DUQ200,Ever used marijuana or hashish,DUQ,"The following questions ask about use of drugs not prescribed by a doctor. Please remember that your answers to these questions are strictly confidential. The first questions are about marijuana and hashish. Marijuana is also called pot or grass. Marijuana is usually smoked, either in cigarettes, called joints, or in a pipe. It is sometimes cooked in food. Hashish is a form of marijuana that is also called 'hash.' It is usually smoked in a pipe. Another form of hashish is hash oil. Have you ever, even once, used marijuana or hashish?","Both males and females 18 YEARS -
			59 YEARS","{'0': 'No', '1': 'Yes', '7': 'Refused', '9': ""Don't know"", '.': 'Missing'}"
DUQ220Q,Last time used marijuana or hashish,DUQ,How long has it been since you last used marijuana or hashish?,"Both males and females 18 YEARS -
			59 YEARS","{'0 to 120': 'Range of Values', '0 to 143': 'Range of Values', '0 to 228': 'Range of Values', '0 to 258': 'Range of Values', '0 to 321': 'Range of Values', '0 to 369': 'Range of Values', '0 to 90': 'Range of Values', '7777': 'Refused', '9999': ""Don't know"", '.': 'Missing'}"
DUQ240,Ever used cocaine/heroin/methamphetamine,DUQ,"Have you ever used cocaine, crack cocaine, heroin, or methamphetamine?","Both males and females 18 YEARS -
			69 YEARS","{'0': 'No', '1': 'Yes', '7': 'Refused', '9': ""Don't know"", '.': 'Missing'}"
HUQ020,Health now compared with 1 year ago,HUQ,"Compared with 12 months ago, would you say {your/SP's} health is now . . .","Both males and females 1 YEARS -
			150 YEARS","{'1': 'Better,', '2': 'Worse, or', '3': 'About the same?', '7': 'Refused', '9': ""Don't know"", '.': 'Missing'}"
HUQ030,Routine place to go for healthcare,HUQ,Is there a place that {you/SP} usually {go/goes} when {you are/he/she is} sick or {you/s/he} need{s} advice about {your/his/her} health?,"Both males and females 0 YEARS -
			150 YEARS","{'1': 'Yes', '2': 'There is no place', '3': 'There is more than one place', '7': 'Refused', '9': ""Don't know"", '.': 'Missing'}"
HUQ041,Type place most often go for healthcare,HUQ,"{What kind of place is it - a clinic, doctor's office, emergency room, or some other place?} {What kind of place {do you/does SP} go to most often - a clinic, doctor's office, emergency room, or some other place?}","Both males and females 0 YEARS -
			150 YEARS","{'1': 'Clinic or health center', '2': ""Doctor's office or HMO"", '3': 'Hospital emergency room', '4': 'Hospital outpatient department', '5': 'Some other place', '6': ""Doesn't go to one place most often"", '77': 'Refused', '99': ""Don't know"", '.': 'Missing'}"
HOD050,Number of rooms in home,HOQ,How many rooms are in this home?  Count the kitchen but not the bathroom.,"Both males and females 0 YEARS -
			150 YEARS","{'1': '1', '1 to 12': 'Range of Values', '10': '10', '11': '11', '12': '12', '13': '13 or More', '2': '2', '3': '3', '4': '4', '5': '5', '6': '6', '7': '7', '777': 'Refused', '8': '8', '9': '9', '999': ""Don't know"", '.': 'Missing'}"
HOD060,How many years family lived in home,HOQ,How many years {have you/has your family} lived at this address?,"Both males and females 0 YEARS -
			150 YEARS","{'1': 'Less than one year', '2': '1-2 years', '3': '3-5 years', '4': '6-10 years', '5': 'More than 10 years', '77': 'Refused', '99': ""Don't know"", '.': 'Missing'}"
HOQ065,"Home owned, bought, rented, other",HOQ,"Is this {mobile home/house/apartment} owned, being bought, rented, or occupied by some other arrangement by {you/you or someone else in your family}?","Both males and females 0 YEARS -
			150 YEARS","{'1': 'Owned or being bought', '2': 'Rented', '3': 'Other arrangement', '7': 'Refused', '9': ""Don't know"", '.': 'Missing'}"
HOQ080,Water treatment devices used or not,HOQ,Are any of the water treatment devices listed on this card used in your home?,"Both males and females 0 YEARS -
			150 YEARS","{'0': 'No', '1': 'Yes', '7': 'Refused', '9': ""Don't know"", '.': 'Missing'}"
HOQ040,When was home built,HOQ,When was this {mobile home/house/building} originally built?,"Both males and females 0 YEARS -
			150 YEARS","{'1': '1990 to present', '2': '1978 to 1989', '3': '1960 to 1977', '4': '1950 to 1959', '5': '1940 to 1949', '6': 'Before 1940', '77': 'Refused', '99': ""Don't know"", '.': 'Missing'}"
MCQ010,Ever been told you have asthma,MCQ,The following questions are about different medical conditions. Has a doctor or other health professional ever told {you/SP} that {you have/s/he/SP has} asthma (az-ma)?,"Both males and females 1 YEARS -
			150 YEARS","{'0': 'No', '1': 'Yes', '7': 'Refused', '9': ""Don't know"", '.': 'Missing'}"
MCQ092,Ever receive blood transfusion,MCQ,{Have you/Has SP} ever received a blood transfusion?,"Both males and females 6 YEARS -
			150 YEARS","{'0': 'No', '1': 'Yes', '7': 'Refused', '9': ""Don't know"", '.': 'Missing'}"
MCQ140,Trouble seeing even with glass/contacts,MCQ,"{Do you/Does SP} have trouble seeing, even when wearing glasses or contact lenses, if {you/he/she} wear{s} them?","Both males and females 2 YEARS -
			150 YEARS","{'0': 'No', '1': 'Yes', '7': 'Refused', '9': ""Don't know"", '.': 'Missing'}"
MCQ160A,Doctor ever said you had arthritis,MCQ,Has a doctor or other health professional ever told {you/SP} that {you/s/he} . . .had arthritis (ar-thry-tis)?,"Both males and females 20 YEARS -
			150 YEARS","{'0': 'No', '1': 'Yes', '7': 'Refused', '9': ""Don't know"", '.': 'Missing'}"
MCQ160B,Ever told had congestive heart failure,MCQ,Has a doctor or other health professional ever told {you/SP}  that {you/s/he} . . .had congestive heart failure?,"Both males and females 20 YEARS -
			150 YEARS","{'0': 'No', '1': 'Yes', '7': 'Refused', '9': ""Don't know"", '.': 'Missing'}"
MCQ160C,Ever told you had coronary heart disease,MCQ,Has a doctor or other health professional ever told {you/SP}  that {you/s/he} . . .had coronary (kor-o-nare-ee) heart disease?,"Both males and females 20 YEARS -
			150 YEARS","{'0': 'No', '1': 'Yes', '7': 'Refused', '9': ""Don't know"", '.': 'Missing'}"
MCQ160E,Ever told you had heart attack,MCQ,Has a doctor or other health professional ever told {you/SP}  that {you/s/he} . . .had a heart attack (also called myocardial infarction (my-o-car-dee-al in-fark-shun))?,"Both males and females 20 YEARS -
			150 YEARS","{'0': 'No', '1': 'Yes', '7': 'Refused', '9': ""Don't know"", '.': 'Missing'}"
MCQ160F,Ever told you had a stroke,MCQ,Has a doctor or other health professional ever told {you/SP}  that {you/s/he} . . .had a stroke?,"Both males and females 20 YEARS -
			150 YEARS","{'0': 'No', '1': 'Yes', '7': 'Refused', '9': ""Don't know"", '.': 'Missing'}"
MCQ160G,Ever told you had emphysema,MCQ,Has a doctor or other health professional ever told {you/SP}  that {you/s/he} . . .had emphysema (emph-phi-see-ma)?,"Both males and females 20 YEARS -
			150 YEARS","{'0': 'No', '1': 'Yes', '7': 'Refused', '9': ""Don't know"", '.': 'Missing'}"
MCQ245A,Work days missed for illness/maternity,MCQ,"During the past 12 months, that is since {DISPLAY CURRENT MONTH} of last year, about how many days did {you/SP} miss work at a job or business because of an illness or injury {do not include maternity leave}?","Both males and females 16 YEARS -
			150 YEARS","{'1': 'Enter number', '2': 'Does not work', '7': 'Refused', '9': ""Don't know"", '.': 'Missing'}"
MCQ250B,Blood relatives have Alzheimer's,MCQ,"Including living and deceased, were any of {SP's/ your} biological that is, blood relatives including grandparents, parents, brothers, sisters ever told  by a health professional that they had . . .Alzheimer's disease?","Both males and females 20 YEARS -
			150 YEARS","{'0': 'No', '1': 'Yes', '7': 'Refused', '9': ""Don't know"", '.': 'Missing'}"
MCQ250F,Blood relatives w/hypertension/stroke,MCQ,"Including living and deceased, were any of {SP's/ your} biological that is, blood relatives including grandparents, parents, brothers, sisters ever told  by a health professional that they had . . .high blood pressure or stroke before the age of 50?","Both males and females 20 YEARS -
			150 YEARS","{'0': 'No', '1': 'Yes', '7': 'Refused', '9': ""Don't know"", '.': 'Missing'}"
MCQ300C,Close relative had diabetes?,MCQ,"Including living and deceased, were any of {SP's/your} close biological that is, blood relatives including father, mother, sisters or brothers, ever told by a health professional that they had diabetes?","Both males and females 20 YEARS -
			150 YEARS","{'0': 'No', '1': 'Yes', '7': 'Refused', '9': ""Don't know"", '.': 'Missing'}"
MCQ203,Ever been told you have jaundice?,MCQ,"Has anyone ever told {you/SP} that {you/she/he/SP} had yellow skin, yellow eyes or jaundice? Please do not include infant jaundice, which is common during the first weeks after birth.","Both males and females 6 YEARS -
			150 YEARS","{'0': 'No', '1': 'Yes', '7': 'Refused', '9': ""Don't know"", '.': 'Missing'}"
MPQ010,Joint pain/aching/stiffness in past year,MPQ,"During the past 12 months, {have you/has SP} had pain, aching, stiffness or swelling in or around a joint?[Do not include neck pain.]","Both males and females 20 YEARS -
			150 YEARS","{'0': 'No', '1': 'Yes', '7': 'Refused', '9': ""Don't know"", '.': 'Missing'}"
MPQ060,Neck pain over last three months,MPQ,"The following questions are about pain {you/SP} may have experienced in the past 3 months.  Please refer to pain that lasted a whole day or more.  Do not report aches and pains that were fleeting or minor.  During the past 3 months, did {you/SP} have neck pain?","Both males and females 20 YEARS -
			150 YEARS","{'0': 'No', '1': 'Yes', '7': 'Refused', '9': ""Don't know"", '.': 'Missing'}"
MPQ070,Low back pain,MPQ,"[During the past 3 months], did {you/SP} have low back pain?","Both males and females 20 YEARS -
			150 YEARS","{'0': 'No', '1': 'Yes', '7': 'Refused', '9': ""Don't know"", '.': 'Missing'}"
MPQ090,Severe headaches or migraines,MPQ,"During the past 3 months, did {you/SP} have severe headaches or migraines?","Both males and females 20 YEARS -
			150 YEARS","{'0': 'No', '1': 'Yes', '7': 'Refused', '9': ""Don't know"", '.': 'Missing'}"
MPQ100,Pain problem lasting more than 24 hrs,MPQ,"During the past month, {have you/has SP} had a problem with pain that lasted more than 24 hours?","Both males and females 20 YEARS -
			150 YEARS","{'0': 'No', '1': 'Yes', '7': 'Refused', '9': ""Don't know"", '.': 'Missing'}"
OHQ033,Main reason for last dental visit,OHQ,What was the main reason {you/SP} last visited the dentist?,"Both males and females 1 YEARS -
			150 YEARS","{'1': 'Went in on own for check-up, examination, or cleaning', '2': 'Was called in by the dentist for check-up, examination, or cleaning', '3': 'Something was wrong, bothering or hurting {me/SP}', '4': 'Went for treatment of a condition that dentist discovered at earlier checkup or examination', '5': 'Other', '7': 'Refused', '9': ""Don't know"", '.': 'Missing'}"
OHQ640,Last yr had diff w/ job because of mouth,OHQ,"How often during the last year {have you/has SP} had difficulty doing {your/his/her} usual jobs or attending school because of problems with {your/his/her} teeth, mouth or dentures? Would you say . . .","Both males and females 30 YEARS -
			150 YEARS","{'1': 'Very often', '2': 'Fairly often', '3': 'Occasionally', '4': 'Hardly ever, or', '5': 'Never?', '7': 'Refused', '9': ""Don't know"", '.': 'Missing'}"
OHQ680,Last yr embarrassed because of mouth,OHQ,"How often during the last year {have you/has SP} been self-conscious or embarrassed because of  {your/his/her} teeth, mouth or dentures? Would you say . ..","Both males and females 30 YEARS -
			150 YEARS","{'1': 'Very often', '2': 'Fairly often', '3': 'Occasionally', '4': 'Hardly ever, or', '5': 'Never?', '7': 'Refused', '9': ""Don't know"", '.': 'Missing'}"
OHQ770,Past yr need dental but couldn't get it,OHQ,During the past 12 months was there a time when (you/SP) needed dental care but could not get it at that time?,"Both males and females 1 YEARS -
			150 YEARS","{'0': 'No', '1': 'Yes', '7': 'Refused', '9': ""Don't know"", '.': 'Missing'}"
PAD200,Vigorous activity over past 30 days,PAQ,"The next questions are about physical activities including exercise, sports, and physically active hobbies that {you/SP} may have done in {your/his/her} leisure time or at school over the past 30 days.  First I will ask you about vigorous activities that cause heavy sweating or large increases in breathing or heart rate.  Then I will ask you about moderate activities that cause only light sweating or a slight to moderate increase in breathing or heart rate.  Over the past 30 days, did {you/SP} do any vigorous activities for at least 10 minutes that caused heavy sweating, or large increases in breathing or heart rate?  Some examples are running, lap swimming, aerobics classes or fast bicycling.","Both males and females 12 YEARS -
			150 YEARS","{'1': 'Yes', '2': 'No', '3': 'Unable to do activity', '7': 'Refused', '9': ""Don't know"", '.': 'Missing'}"
PAQ520,Compare activity w/others same age,PAQ,"(MEC Interview Version) Compared with most {boys/girls} {your/SP's} age, would you say that {you are/SP is}...

(SP Interview Version) Compared with most {men/boys/women/girls} {your/SP's} age, would you say that {you are/s/he is} . . .","Both males and females 12 YEARS -
			150 YEARS","{'1': 'more active', '2': 'less active, or', '3': 'About the same?', '7': 'Refused', '9': ""Don't Know"", '.': 'Missing'}"
PAQ625,Number of days moderate work,PAQ,"In a typical week, on how many days {do you/does SP} do moderate-intensity activities as part of {your/his/her} work?","Both males and females 18 YEARS -
			150 YEARS","{'1 to 7': 'Range of Values', '77': 'Refused', '99': ""Don't know"", '.': 'Missing'}"
PAQ650,Vigorous recreational activities,PAQ,"The next questions exclude the work and transport activities that you have already mentioned.  Now I would like to ask you about sports, fitness and recreational activities.  In a typical week {do you/does SP} do any vigorous-intensity sports, fitness, or recreational activities that cause large increases in breathing or heart rate like running or basketball for at least 10 minutes continuously?","Both males and females 18 YEARS -
			150 YEARS","{'0': 'No', '1': 'Yes', '7': 'Refused', '9': ""Don't know"", '.': 'Missing'}"
PAQ670,Days moderate recreational activities,PAQ,"In a typical week, on how many days {do you/does SP} do moderate-intensity sports, fitness or recreational activities?","Both males and females 18 YEARS -
			150 YEARS","{'1 to 7': 'Range of Values', '77': 'Refused', '99': ""Don't know"", '.': 'Missing'}"
RHD280,Had a hysterectomy?,RHQ,"{Have you/Has SP} had a hysterectomy that is, surgery to remove {your/her} uterus or womb?","Females only 20 YEARS -
			150 YEARS","{'0': 'No', '1': 'Yes', '7': 'Refused', '9': ""Don't know"", '.': 'Missing'}"
RHQ540,Ever use female hormones?,RHQ,"{Have you/Has SP} ever used female hormones such as estrogen and progesterone?  Please include any forms of female hormones, such as pills, cream, patch, and injectables, but do not include birth control methods or use for infertility.","Females only 20 YEARS -
			150 YEARS","{'0': 'No', '1': 'Yes', '7': 'Refused', '9': ""Don't know"", '.': 'Missing'}"
RHQ031,Had regular periods in past 12 months,RHQ,"{Have you/Has SP} had at least one menstrual period in the past 12 months? (Please do not include bleedings caused by medical conditions, hormone therapy, or surgeries.)","Females only 12 YEARS -
			150 YEARS","{'0': 'No', '1': 'Yes', '7': 'Refused', '9': ""Don't know"", '.': 'Missing'}"
WHD010,Current self-reported height (inches),WHQ,These next questions ask about {your/SP's} height and weight at different times in {your/his/her} life.  How tall {are you/is SP} without shoes?,"Both males and females 16 YEARS -
			150 YEARS","{'39 to 80': 'Range of Values', '41 to 81': 'Range of Values', '47 to 84': 'Range of Values', '48 to 81': 'Range of Values', '48 to 83': 'Range of Values', '49 to 82': 'Range of Values', '53 to 81': 'Range of Values', '53 to 84': 'Range of Values', '7777': 'Refused', '9999': ""Don't know"", '.': 'Missing'}"
WHD020,Current self-reported weight (pounds),WHQ,How much {do you/does SP} weigh without clothes or shoes?,"Both males and females 16 YEARS -
			150 YEARS","{'50 to 450': 'Range of Values', '60 to 420': 'Range of Values', '66 to 470': 'Range of Values', '70 to 464': 'Range of Values', '70 to 600': 'Range of Values', '72 to 484': 'Range of Values', '75 to 493': 'Range of Values', '75 to 600': 'Range of Values', '76 to 670': 'Range of Values', '7777': 'Refused', '77777': 'Refused', '80 to 400': 'Range of Values', '9999': ""Don't know"", '99999': ""Don't know"", '.': 'Missing'}"
WHD050,Self-reported weight - 1 yr ago (pounds),WHQ,How much did {you/SP} weigh a year ago?,"Both males and females 16 YEARS -
			150 YEARS","{'55 to 415': 'Range of Values', '60 to 600': 'Range of Values', '62 to 420': 'Range of Values', '67 to 520': 'Range of Values', '70 to 485': 'Range of Values', '73 to 550': 'Range of Values', '75 to 430': 'Range of Values', '75 to 559': 'Range of Values', '7777': 'Refused', '77777': 'Refused', '78 to 470': 'Range of Values', '80 to 586': 'Range of Values', '9999': ""Don't know"", '99999': ""Don't know"", '.': 'Missing'}"
WHD080A,Ate less to lose weight,WHQ,How did {you/SP} try to lose weight?,"Both males and females 16 YEARS -
			150 YEARS","{'10': 'Ate less food (amount)', '77': 'Refused', '99': ""Don't know"", '.': 'Missing'}"
WHD110,Self-reported weight-10 yrs ago (pounds),WHQ,"How much did {you/SP} weigh 10 years ago?  [If you don't know {your/his/her} exact weight, please make your best guess.]","Both males and females 36 YEARS -
			150 YEARS","{'50 to 550': 'Range of Values', '70 to 360': 'Range of Values', '70 to 400': 'Range of Values', '70 to 550': 'Range of Values', '72 to 630': 'Range of Values', '74 to 400': 'Range of Values', '75 to 505': 'Range of Values', '75 to 600': 'Range of Values', '7777': 'Refused', '77777': 'Refused', '80 to 450': 'Range of Values', '80 to 700': 'Range of Values', '9999': ""Don't know"", '99999': ""Don't know"", '.': 'Missing'}"
WHD130,Self-reported height - age 25 (inches),WHQ,"How tall {were you/was SP} at age 25?  [If you don't know {your/his/her} exact height, please make your best guess.]","Both males and females 50 YEARS -
			150 YEARS","{'39 to 79': 'Range of Values', '41 to 80': 'Range of Values', '41 to 83': 'Range of Values', '41 to 89': 'Range of Values', '49 to 83': 'Range of Values', '50 to 81': 'Range of Values', '51 to 80': 'Range of Values', '51 to 84': 'Range of Values', '53 to 78': 'Range of Values', '7777': 'Refused', '9999': ""Don't know"", '.': 'Missing'}"
KIQ022,Ever told you had weak/failing kidneys?,KIQ_U,"{Have you/Has SP} ever been told by a doctor or other health professional that {you/s/he} had weak or failing kidneys?  Do not include kidney stones, bladder infections, or incontinence.","Both males and females 20 YEARS -
			150 YEARS","{'0': 'No', '1': 'Yes', '7': 'Refused', '9': ""Don't know"", '.': 'Missing'}"
KIQ042,Leak urine during physical activities?,KIQ_U,"During the past 12 months, {have you/has SP} leaked or lost control of even a small amount of urine with an activity like coughing, lifting or exercise?","Both males and females 20 YEARS -
			150 YEARS","{'0': 'No', '1': 'Yes', '7': 'Refused', '9': ""Don't know"", '.': 'Missing'}"
KIQ044,Urinated before reaching the toilet?,KIQ_U,"During the past 12 months, {have you/has SP} leaked or lost control of even a small amount of urine with an urge or pressure to urinate and {you/he/she} couldn't get to the toilet fast enough?`","Both males and females 20 YEARS -
			150 YEARS","{'0': 'No', '1': 'Yes', '7': 'Refused', '9': ""Don't know"", '.': 'Missing'}"
KIQ046,Leak urine during nonphysical activities,KIQ_U,"During the past 12 months, {have you/has SP} leaked or lost control of even a small amount of urine without an activity like coughing, lifting, or exercise, or an urge to urinate?","Both males and females 20 YEARS -
			150 YEARS","{'0': 'No', '1': 'Yes', '7': 'Refused', '9': ""Don't know"", '.': 'Missing'}"
KIQ050,How much did urine leakage bother you?,KIQ_U,"During the past 12 months, how much did {your/her/his} leakage of urine bother {you/her/him}?  Please select one of the following choices:","Both males and females 20 YEARS -
			150 YEARS","{'1': 'Not at all,', '2': 'only a little,', '3': 'somewhat,', '4': 'very much, or', '5': 'greatly', '7': 'Refused', '9': ""Don't know"", '.': 'Missing'}"
KIQ005,How often have urinary leakage?,KIQ_U,Many people have leakage of urine.  The next few questions ask about urine leakage.  How often {do you/does SP} have urinary leakage?  Would {you/s/he} say . . .,"Both males and females 20 YEARS -
			150 YEARS","{'1': 'never,', '2': 'less than once a month,', '3': 'a few times a month,', '4': 'a few times a week, or', '5': 'every day and/or night?', '7': 'Refused', '9': ""Don't know"", '.': 'Missing'}"
KIQ480,How many times urinate in night?,KIQ_U,"During the past 30 days, how many times per night did {you/SP} most typically get up to urinate, from the time {you/s/he} went to bed at night until the time {you/he/she} got up in the morning.  Would {you/s/he} say","Both males and females 20 YEARS -
			150 YEARS","{'0': '0', '1': '1', '2': '2', '3': '3', '4': '4', '5': '5 or more?', '7': 'Refused', '9': ""Don't know"", '.': 'Missing'}"
KIQ026,Ever had kidney stones?,KIQ_U,{Have you/Has SP} ever had kidney stones?,"Both males and females 20 YEARS -
			150 YEARS","{'0': 'No', '1': 'Yes', '7': 'Refused', '9': ""Don't know"", '.': 'Missing'}"
BHQ030,Bowel leakage consisted of liquid?,BHQ,How often during the past 30 days have you had any amount of accidental bowel leakage that consisted of liquid stool?,"Both males and females 20 YEARS -
			150 YEARS","{'1': '2 or more times a day,', '2': 'once a day,', '3': '2 or more times a week,', '4': 'once a week,', '5': '1-3 times a month, or', '6': 'Never?', '77': 'Refused', '99': ""Don't know"", '.': 'Missing'}"
BHD050,How often have bowel movements?,BHQ,How often do you usually have bowel movements?,"Both males and females 20 YEARS -
			150 YEARS","{'1 to 63': 'Range of Values', '1 to 70': 'Range of Values', '1 to 84': 'Range of Values', '777': 'Refused', '999': ""Don't know"", '.': 'Missing'}"
BHQ060,Common Stool Type,BHQ,Please look at this card and tell me the number that corresponds to your usual or most common stool type.,"Both males and females 20 YEARS -
			150 YEARS","{'1': 'Type 1 (separate hard lumps, like nuts),', '2': 'Type 2 (sausage-like, but lumpy),', '3': 'Type 3 (like a sausage but with cracks in the surface),', '4': 'Type 4 (like a sausage or snake, smooth and soft),', '5': 'Type 5 (soft blobs with clear-cut edges),', '6': 'Type 6 (fluffy pieces with ragged edges, a mushy stool),', '7': 'Type 7 (watery, no solid pieces),', '77': 'Refused', '99': ""Don't know"", '.': 'Missing'}"
SLQ040,How often do you snort or stop breathing,SLQ,"In the past 12 months, how often did {you/SP} snort, gasp, or stop breathing while {you were/s/he was} asleep?","Both males and females 16 YEARS -
			150 YEARS","{'0': 'Never', '1': 'Rarely (1-2 nights/week)', '2': 'Occasionally (3-4 nights/week)', '3': 'Frequently (5 or more nights/week)', '7': 'Refused', '9': ""Don't know"", '.': 'Missing'}"
SLQ310,Usual wake time on weekdays or workdays,SLQ,What time {do you/does SP} usually wake up on weekdays or workdays?,"Both males and females 16 YEARS -
			150 YEARS","{'77777': 'Refused', '99999': ""Don't know"", '< blank >': 'Missing', 'Usual wake time on weekdays or workdays': 'Value was recorded', '.': 'Missing'}"
SMQ680,Used tobacco/nicotine last 5 days?,SMQRTU,"The following questions ask about use of tobacco or nicotine products in the past 5 days.  During the past 5 days, did {you/he/she} use any product containing nicotine including cigarettes, pipes, cigars, chewing tobacco, snuff, nicotine patches, nicotine gum, or any other product containing nicotine?","Both males and females 12 YEARS -
			150 YEARS","{'0': 'No', '1': 'Yes', '7': 'Refused', '9': ""Don't know"", '.': 'Missing'}"
SMQ851,Used smokeless tobacco last 5 days?,SMQRTU,"Smokeless tobacco products are placed in the mouth or nose and include chewing tobacco, snuff, snus, or dissolvables.  During the past 5 days, including today, did {you/he/she} use any smokeless tobacco? (Please do not include nicotine replacement products like patches, gum, lozenge, or spray which are considered products to help {you/him/her} stop smoking.)","Both males and females 12 YEARS -
			150 YEARS","{'0': 'No', '1': 'Yes', '7': 'Refused', '9': ""Don't know"", '.': 'Missing'}"
SMDANY,Used any tobacco product last 5 days?,SMQRTU,Used any tobacco product last 5 days?,"Both males and females 12 YEARS -
			150 YEARS","{'0': 'No', '1': 'Yes', '7': 'Refused', '9': ""Don't know"", '.': 'Missing'}"
CBD010,Anyone in the family on a special diet,CBQ,"Is anyone in this family on any kind of diet, either to lose weight or for some other health-related reason?","Both males and females 0 YEARS -
			150 YEARS","{'0': 'No', '1': 'Yes', '7': 'Refused', '9': ""Don't know"", '.': 'Missing'}"
CBQ050,Fat-free/low fat milk available at home,CBQ,"How often {does your family/do you} have 1% fat, skim or fat-free milk available at home?  Please do not include 2% milk.  [Would you say always, most of the time, sometimes, rarely, or never?]","Both males and females 0 YEARS -
			150 YEARS","{'1': 'Always', '2': 'Most of the time', '3': 'Sometimes', '4': 'Rarely', '5': 'Never', '77': 'Refused', '99': ""Don't know"", '.': 'Missing'}"
CBD070,Money spent at supermarket/grocery store,CBQ,"The next questions are about how much money {your family spends/you spend} on food. First I'll ask you about money spent at supermarkets or grocery stores. Then we will talk about money spent at other types of stores. During the past 30 days, how much money {did your family/did you} spend at supermarkets or grocery stores? Please include purchases made with food stamps.","Both males and females 0 YEARS -
			150 YEARS","{'0 to 171728': 'Range of Values', '0 to 4285': 'Range of Values', '0 to 5142': 'Range of Values', '0 to 7000': 'Range of Values', '777777': 'Refused', '999999': ""Don't know"", '.': 'Missing'}"
CBQ140,How often do you do major food shopping,CBQ,How often {do you/do you or someone else} do the major food shopping for {yourself/your family}?  Please do not include times when {you buy/someone buys} only a few items.   Would you say...,"Both males and females 0 YEARS -
			150 YEARS","{'1': 'More than once a week,', '2': 'Once a week,', '3': 'Once every two weeks, or', '4': 'Once a month or less?', '5': 'Rarely make any major shopping trips, only small trips', '6': 'Rarely shop for food', '77': 'Refused', '99': ""Don't know"", '.': 'Missing'}"
CBD180,# of meals family ate together in 7 days,CBQ,"During the past 7 days, how many meals did all or most of your family sit down and eat together at home?","Both males and females 0 YEARS -
			150 YEARS","{'0': 'Never', '1 to 21': 'Range of Values', '1 to 35': 'Range of Values', '666': 'Single person family', '777': 'Refused', '999': ""Don't know"", '.': 'Missing'}"
DLQ010,Have serious difficulty hearing?,DLQ,"With this next set of questions, we want to learn about people who have physical, mental, or emotional conditions that cause serious difficulties with their daily activities. Though different, these questions may sound similar to ones I asked earlier. {Are you/Is SP} deaf or {do you/does he/does she} have serious difficulty hearing?","Both males and females 1 YEARS -
			150 YEARS","{'0': 'No', '1': 'Yes', '7': 'Refused', '9': ""Don't know"", '.': 'Missing'}"
DLQ020,Have serious difficulty seeing?,DLQ,{Are you/Is SP} blind or {do you/does he/does she} have serious difficulty seeing even when wearing glasses?,"Both males and females 1 YEARS -
			150 YEARS","{'0': 'No', '1': 'Yes', '7': 'Refused', '9': ""Don't know"", '.': 'Missing'}"
DLQ040,Have serious difficulty concentrating?,DLQ,"Because of a physical, mental, or emotional condition, {do you/does he/does she} have serious difficulty concentrating, remembering, or making decisions?","Both males and females 5 YEARS -
			150 YEARS","{'0': 'No', '1': 'Yes', '7': 'Refused', '9': ""Don't know"", '.': 'Missing'}"
DLQ050,Have serious difficulty walking?,DLQ,{Do you/Does SP} have serious difficulty walking or climbing stairs?,"Both males and females 5 YEARS -
			150 YEARS","{'0': 'No', '1': 'Yes', '7': 'Refused', '9': ""Don't know"", '.': 'Missing'}"
DLQ080,Have difficulty doing errands alone?,DLQ,"Because of a physical, mental, or emotional condition, {do you/does he/does she} have difficulty doing errands alone such as visiting a doctor's office or shopping?","Both males and females 15 YEARS -
			150 YEARS","{'0': 'No', '1': 'Yes', '7': 'Refused', '9': ""Don't know"", '.': 'Missing'}"
SMQ856,Last 7-d worked at job not at home?,SMQSHS,"I will now ask you about tobacco smoke in other places. During the last 7 days, {were you/was SP} working at a job or business outside of the home?","Both males and females 18 YEARS -
			150 YEARS","{'0': 'No', '1': 'Yes', '7': 'Refused', '9': ""Don't know"", '.': 'Missing'}"
SMQ860,Last 7-d spent time in a restaurant?,SMQSHS,"{I will now ask you about smoking in other places.} During the last 7 days, did {you/SP} spend time in a restaurant?","Both males and females 0 YEARS -
			150 YEARS","{'0': 'No', '1': 'Yes', '7': 'Refused', '9': ""Don't know"", '.': 'Missing'}"
SMQ872,Last 7-d someone smoked in car?,SMQSHS,"While {you were/SP was} riding in a car or motor vehicle, did someone else smoke cigarettes or other tobacco products?","Both males and females 0 YEARS -
			150 YEARS","{'0': 'No', '1': 'Yes', '7': 'Refused', '9': ""Don't know"", '.': 'Missing'}"
