"id","ques_id","short_name","heading","text","ques_type","options","dependents","other_details","created_on","updated_on","is_mandatory","is_nullable","is_html","info","image_url","is_common","text_i18n","short_name_i18n","heading_i18n","info_i18n","nhanes_code"
6087,"14180","","","In the past 12 months, how often did you drink any type of alcoholic beverage?",TEXT_INPUT,"[{}]","{}","{""TEXT"": {""max"": 365, ""min"": 0, ""step"": 1, ""type"": ""NUMERIC"", ""unit"": null, ""regex"": ""[0-9]"", ""condition"": {}, ""frequency"": [""Week"", ""Month"", ""Year""], ""initialize"": 8, ""imperial_unit"": null, ""alternative_unit"": null}, ""null_option_name"": ""Not Applicable""}","2025-11-17 14:41:16","2025-11-25 22:42:21",1,0,0,Please select the time frame and specify the approximate number of times.,"",0,"{}","{}","{}","{}",ALQ120Q
6088,"14181","","","In the past 12 months, how often did you drink any type of alcoholic beverage?",NON_NUMERIC_SLIDER,"[{""text"": ""Week"", ""value"": ""1""}, {""text"": ""Month"", ""value"": ""2""}, {""text"": ""Year"", ""value"": ""3""}]","{}","{""TEXT"": {""max"": 2, ""min"": 0, ""step"": 1, ""type"": ""NUMERIC"", ""unit"": """", ""regex"": """", ""condition"": {}, ""initialize"": 8, ""imperial_unit"": null, ""alternative_unit"": null}, ""null_option_name"": ""Not Applicable""}","2025-11-17 14:41:16","2025-11-25 22:41:54",1,0,0,"","",0,"{}","{}","{}","{}",ALQ120U
6089,"14182","","","During the past 12 months, on those days that you drank alcoholic beverages, on the average, how many drinks did you have? By a drink, I mean a 12 oz. beer, a 5 oz. glass of wine, or one and a half ounces of liquor.",TEXT_INPUT,"[{}]","{}","{""TEXT"": {""max"": 25, ""min"": 1, ""step"": 1, ""type"": ""NUMERIC"", ""unit"": null, ""regex"": ""[0-9]"", ""condition"": {}, ""initialize"": 8, ""imperial_unit"": null, ""alternative_unit"": null}, ""null_option_name"": ""Not Applicable""}","2025-11-17 14:41:16","2025-11-25 22:41:31",1,0,0,"","",0,"{}","{}","{}","{}",ALQ130
6090,"14183","","","In the past 12 months, on how many days did you/have 5 or more drinks of any alcoholic beverage?",TEXT_INPUT,"[{}]","{}","{""TEXT"": {""max"": 365, ""min"": 0, ""step"": 1, ""type"": ""NUMERIC"", ""unit"": null, ""regex"": ""[0-9]"", ""condition"": {}, ""frequency"": [""Week"", ""Month"", ""Year""], ""initialize"": 8, ""imperial_unit"": null, ""alternative_unit"": null}, ""null_option_name"": ""Not Applicable""}","2025-11-17 14:41:17","2025-11-25 22:41:04",1,0,0,Please select the time frame and specify the approximate number of times.,"",0,"{}","{}","{}","{}",ALQ140Q
6091,"14184","","","In the past 12 months, on how many days did you/have 5 or more drinks of any alcoholic beverage?",NON_NUMERIC_SLIDER,"[{""text"": ""Week"", ""value"": ""1""}, {""text"": ""Month"", ""value"": ""2""}, {""text"": ""Year"", ""value"": ""3""}]","{}","{""TEXT"": {""max"": 2, ""min"": 0, ""step"": 1, ""type"": ""NUMERIC"", ""unit"": """", ""regex"": """", ""condition"": {}, ""initialize"": 8, ""imperial_unit"": null, ""alternative_unit"": null}, ""null_option_name"": ""Not Applicable""}","2025-11-17 14:41:17","2025-11-25 22:40:46",1,0,0,"","",0,"{}","{}","{}","{}",ALQ140U
6092,"14185","","",Was there ever a time or times in your life when you drank 5 or more drinks of any kind of alcoholic beverage almost every day?,SINGLE_CHOICE,"[{""text"": ""Yes"", ""value"": ""0""}, {""text"": ""No"", ""value"": ""1""}]","{}","{}","2025-11-17 14:41:17","2025-11-25 22:40:27",1,0,0,"","",0,"{}","{}","{}","{}",ALQ151
6093,"14186","","",Which statement best describes your hearing (without a hearing aid)?,NON_NUMERIC_SLIDER,"[{""text"": ""Excellent"", ""value"": ""1""}, {""text"": ""Good"", ""value"": ""2""}, {""text"": ""A little trouble"", ""value"": ""3""}, {""text"": ""Moderate hearing trouble"", ""value"": ""4""}, {""text"": ""A lot of trouble"", ""value"": ""5""}, {""text"": ""Deaf"", ""value"": ""6""}]","{}","{""TEXT"": {""max"": 5, ""min"": 0, ""step"": 1, ""type"": ""NUMERIC"", ""unit"": """", ""regex"": """", ""condition"": {}, ""initialize"": 8, ""imperial_unit"": null, ""alternative_unit"": null}, ""null_option_name"": ""Not Applicable""}","2025-11-17 14:41:18","2025-11-25 22:38:14",1,0,0,"","",0,"{}","{}","{}","{}",AUQ131
6094,"14187","","",Have you ever worn a hearing aid?,SINGLE_CHOICE,"[{""text"": ""Yes"", ""value"": ""0""}, {""text"": ""No"", ""value"": ""1""}]","{}","{}","2025-11-17 14:41:18","2025-11-25 22:37:40",1,0,0,"","",0,"{}","{}","{}","{}",AUQ150
6095,"14188","","",Have you ever had 3 or more ear infections? Please include ear infections you may have had when you were a child.,SINGLE_CHOICE,"[{""text"": ""Yes"", ""value"": ""0""}, {""text"": ""No"", ""value"": ""1""}]","{}","{}","2025-11-17 14:41:18","2025-11-25 22:37:24",1,0,0,"","",0,"{}","{}","{}","{}",AUQ136
6096,"14189","","",Have you ever had a tube placed in your ear to drain the fluid from your ear?,SINGLE_CHOICE,"[{""text"": ""Yes"", ""value"": ""0""}, {""text"": ""No"", ""value"": ""1""}]","{}","{}","2025-11-17 14:41:19","2025-11-25 22:37:03",1,0,0,"","",0,"{}","{}","{}","{}",AUQ138
6097,"14190","","","Have you ever been told by a doctor or other health professional that you had hypertension, also called high blood pressure?",SINGLE_CHOICE,"[{""text"": ""Yes"", ""value"": ""0""}, {""text"": ""No"", ""value"": ""1""}]","{}","{}","2025-11-17 14:41:19","2025-11-25 22:36:45",1,0,0,"","",0,"{}","{}","{}","{}",BPQ020
6098,"14191","","","Because of your high blood pressure, have you ever been told to take prescribed medicine?",SINGLE_CHOICE,"[{""text"": ""Yes"", ""value"": ""0""}, {""text"": ""No"", ""value"": ""1""}]","{}","{}","2025-11-17 14:41:19","2025-11-25 22:36:12",1,0,0,"","",0,"{}","{}","{}","{}",BPQ040A
6099,"14192","","",Are you now taking prescribed medicine?,SINGLE_CHOICE,"[{""text"": ""Yes"", ""value"": ""0""}, {""text"": ""No"", ""value"": ""1""}]","{}","{}","2025-11-17 14:41:20","2025-11-25 22:35:51",1,0,0,"","",0,"{}","{}","{}","{}",BPQ050A
6100,"14193","","",Have you ever had your blood cholesterol checked?,SINGLE_CHOICE,"[{""text"": ""Yes"", ""value"": ""0""}, {""text"": ""No"", ""value"": ""1""}]","{}","{}","2025-11-17 14:41:20","2025-11-25 22:35:35",1,0,0,"","",0,"{}","{}","{}","{}",BPQ060
6101,"14194","","",Have youcever been told by a doctor or other health professional that your blood cholesterol level was high?,SINGLE_CHOICE,"[{""text"": ""Yes"", ""value"": ""0""}, {""text"": ""No"", ""value"": ""1""}]","{}","{}","2025-11-17 14:41:20","2025-11-25 22:35:18",1,0,0,"","",0,"{}","{}","{}","{}",BPQ080
6102,"14195","","","To lower your blood cholesterol, have you  ever been told by a doctor or other health professional to take prescribed medicine?",SINGLE_CHOICE,"[{""text"": ""Yes"", ""value"": ""0""}, {""text"": ""No"", ""value"": ""1""}]","{}","{}","2025-11-17 14:41:21","2025-11-25 22:35:03",1,0,0,"","",0,"{}","{}","{}","{}",BPQ090D
6103,"14196","","","Thinking about your physical health, which includes physical illness and injury, for how many days during the past 30 days was your physical health not good?",TEXT_INPUT,"[{}]","{}","{""TEXT"": {""max"": 30, ""min"": 0, ""step"": 1, ""type"": ""NUMERIC"", ""unit"": null, ""regex"": ""[0-9]"", ""condition"": {}, ""initialize"": 8, ""imperial_unit"": null, ""alternative_unit"": null}, ""null_option_name"": ""Not Applicable""}","2025-11-17 14:41:21","2025-11-25 22:34:43",1,0,0,"","",0,"{}","{}","{}","{}",HSQ470
6104,"14197","","",Did you have a head cold or chest cold that started during the last 30 days?,SINGLE_CHOICE,"[{""text"": ""Yes"", ""value"": ""0""}, {""text"": ""No"", ""value"": ""1""}]","{}","{}","2025-11-17 14:41:21","2025-11-25 22:34:19",1,0,0,"","",0,"{}","{}","{}","{}",HSQ500
6105,"14198","","","Except for tests you may have had as part of blood donations, have you ever had your blood tested for the AIDS virus infection?",SINGLE_CHOICE,"[{""text"": ""Yes"", ""value"": ""0""}, {""text"": ""No"", ""value"": ""1""}]","{}","{}","2025-11-17 14:41:22","2025-11-25 22:33:59",1,0,0,"","",0,"{}","{}","{}","{}",HSQ590
6106,"14199","","","Other than during pregnancy, have you ever been told by a doctor or health professional that you have diabetes or sugar diabetes?",NON_NUMERIC_SLIDER,"[{""text"": ""Yes"", ""value"": ""1""}, {""text"": ""No"", ""value"": ""2""}, {""text"": ""Borderline"", ""value"": ""3""}]","{}","{""TEXT"": {""max"": 2, ""min"": 0, ""step"": 1, ""type"": ""NUMERIC"", ""unit"": """", ""regex"": """", ""condition"": {}, ""initialize"": 8, ""imperial_unit"": null, ""alternative_unit"": null}, ""null_option_name"": ""Not Applicable""}","2025-11-17 14:41:22","2025-11-25 22:33:44",1,0,0,"","",0,"{}","{}","{}","{}",DIQ010
6107,"14200","","","Have you ever been told by a doctor or other health professional that you have any of the following:  prediabetes, impaired fasting glucose, impaired glucose tolerance, borderline diabetes or that your blood sugar is higher than normal but not high enough to be called diabetes or sugar diabetes?",SINGLE_CHOICE,"[{""text"": ""Yes"", ""value"": ""0""}, {""text"": ""No"", ""value"": ""1""}]","{}","{}","2025-11-17 14:41:22","2025-11-25 22:33:26",1,0,0,"","",0,"{}","{}","{}","{}",DIQ160
6108,"14201","","",Have you ever been told by a doctor or other health professional that you have health conditions or a medical or family history that increases your risk for diabetes?,SINGLE_CHOICE,"[{""text"": ""Yes"", ""value"": ""0""}, {""text"": ""No"", ""value"": ""1""}]","{}","{}","2025-11-17 14:41:23","2025-11-25 22:31:22",1,0,0,"","",0,"{}","{}","{}","{}",DIQ170
6109,"14202","","",Have you had a blood test for high blood sugar or diabetes within the past three years?,SINGLE_CHOICE,"[{""text"": ""Yes"", ""value"": ""0""}, {""text"": ""No"", ""value"": ""1""}]","{}","{}","2025-11-17 14:41:23","2025-11-25 22:31:04",1,0,0,"","",0,"{}","{}","{}","{}",DIQ180
6110,"14203","","",Do you feel you could be at risk for diabetes or prediabetes?,SINGLE_CHOICE,"[{""text"": ""Yes"", ""value"": ""0""}, {""text"": ""No"", ""value"": ""1""}]","{}","{}","2025-11-17 14:41:23","2025-11-25 22:30:46",1,0,0,"","",0,"{}","{}","{}","{}",DIQ172
6111,"14204","","","In the past 12 months, did you buy food from fast food or pizza places?",SINGLE_CHOICE,"[{""text"": ""Yes"", ""value"": ""0""}, {""text"": ""No"", ""value"": ""1""}]","{}","{}","2025-11-17 14:41:24","2025-11-25 22:30:26",1,0,0,"","",0,"{}","{}","{}","{}",CBQ505
6112,"14205","","",Do you consider yourself to be a vegetarian?,SINGLE_CHOICE,"[{""text"": ""Yes"", ""value"": ""0""}, {""text"": ""No"", ""value"": ""1""}]","{}","{}","2025-11-17 14:41:24","2025-11-25 22:30:11",1,0,0,"","",0,"{}","{}","{}","{}",DBQ915
6113,"14206","","",Are you the person who does most of the planning or preparing of meals in your family?,SINGLE_CHOICE,"[{""text"": ""Yes"", ""value"": ""0""}, {""text"": ""No"", ""value"": ""1""}]","{}","{}","2025-11-17 14:41:24","2025-11-25 22:29:56",1,0,0,"","",0,"{}","{}","{}","{}",DBQ930
6114,"14207","","","Have you ever, even once, used marijuana or hashish?",SINGLE_CHOICE,"[{""text"": ""Yes"", ""value"": ""0""}, {""text"": ""No"", ""value"": ""1""}]","{}","{}","2025-11-17 14:41:25","2025-11-25 22:29:39",1,0,0,"","",0,"{}","{}","{}","{}",DUQ200
6115,"14208","","",How long has it been since you last used marijuana or hashish?,TEXT_INPUT,"[{}]","{}","{""TEXT"": {""max"": 365, ""min"": 0, ""step"": 1, ""type"": ""NUMERIC"", ""unit"": null, ""regex"": ""[0-9]"", ""condition"": {}, ""frequency"": [""Days"", ""Weeks"", ""Months"", ""Years""], ""initialize"": 8, ""imperial_unit"": null, ""alternative_unit"": null}, ""null_option_name"": ""Not Applicable""}","2025-11-17 14:41:25","2025-11-25 22:29:10",1,0,0,Please select the time frame and specify the approximate number of times.,"",0,"{}","{}","{}","{}",DUQ220Q
6116,"14209","","",How long has it been since you last used marijuana or hashish?,NON_NUMERIC_SLIDER,"[{""text"": ""Days"", ""value"": ""1""}, {""text"": ""Weeks"", ""value"": ""2""}, {""text"": ""Months"", ""value"": ""3""}, {""text"": ""Years"", ""value"": ""4""}]","{}","{""TEXT"": {""max"": 3, ""min"": 0, ""step"": 1, ""type"": ""NUMERIC"", ""unit"": """", ""regex"": """", ""condition"": {}, ""initialize"": 8, ""imperial_unit"": null, ""alternative_unit"": null}, ""null_option_name"": ""Not Applicable""}","2025-11-17 14:41:25","2025-11-25 22:24:56",1,0,0,"","",0,"{}","{}","{}","{}",DUQ220U
6117,"14210","","","Have you ever used cocaine, crack cocaine, heroin, or methamphetamine?",SINGLE_CHOICE,"[{""text"": ""Yes"", ""value"": ""0""}, {""text"": ""No"", ""value"": ""1""}]","{}","{}","2025-11-17 14:41:26","2025-11-25 22:24:28",1,0,0,"","",0,"{}","{}","{}","{}",DUQ240
6118,"14211","","","Compared with 12 months ago, would you say your health is now . . .",NON_NUMERIC_SLIDER,"[{""text"": ""Better,"", ""value"": ""1""}, {""text"": ""Worse"", ""value"": ""2""}, {""text"": ""About the same"", ""value"": ""3""}]","{}","{""TEXT"": {""max"": 2, ""min"": 0, ""step"": 1, ""type"": ""NUMERIC"", ""unit"": """", ""regex"": """", ""condition"": {}, ""initialize"": 8, ""imperial_unit"": null, ""alternative_unit"": null}, ""null_option_name"": ""Not Applicable""}","2025-11-17 14:41:26","2025-11-25 22:24:01",1,0,0,"","",0,"{}","{}","{}","{}",HUQ020
6119,"14212","","",Is there a place that you usually go when you are sick or you need advice about yourhealth?,NON_NUMERIC_SLIDER,"[{""text"": ""Yes"", ""value"": ""1""}, {""text"": ""There is no place"", ""value"": ""2""}, {""text"": ""There is more than one place"", ""value"": ""3""}]","{}","{""TEXT"": {""max"": 2, ""min"": 0, ""step"": 1, ""type"": ""NUMERIC"", ""unit"": """", ""regex"": """", ""condition"": {}, ""initialize"": 8, ""imperial_unit"": null, ""alternative_unit"": null}, ""null_option_name"": ""Not Applicable""}","2025-11-17 14:41:26","2025-11-25 22:20:48",1,0,0,"","",0,"{}","{}","{}","{}",HUQ030
6120,"14213","","","What kind of place is it - a clinic, doctor's office, emergency room, or some other place?",NON_NUMERIC_SLIDER,"[{""text"": ""Clinic or health center"", ""value"": ""1""}, {""text"": ""Doctor's office or HMO"", ""value"": ""2""}, {""text"": ""Hospital emergency room"", ""value"": ""3""}, {""text"": ""Hospital outpatient department"", ""value"": ""4""}, {""text"": ""Some other place"", ""value"": ""5""}, {""text"": ""Doesn't go to one place most often"", ""value"": ""6""}]","{}","{""TEXT"": {""max"": 5, ""min"": 0, ""step"": 1, ""type"": ""NUMERIC"", ""unit"": """", ""regex"": """", ""condition"": {}, ""initialize"": 8, ""imperial_unit"": null, ""alternative_unit"": null}, ""null_option_name"": ""Not Applicable""}","2025-11-17 14:41:27","2025-11-25 22:20:18",1,0,0,"","",0,"{}","{}","{}","{}",HUQ041
6121,"14214","","",How many rooms are in your home?  Count the kitchen but not the bathroom.,SINGLE_CHOICE,"[{""text"": ""Values between 1 to 12"", ""value"": 0}, {""text"": ""13 or More"", ""value"": ""1""}]","{}","{}","2025-11-17 14:41:27","2025-11-25 22:19:50",1,0,0,"","",0,"{}","{}","{}","{}",HOD050
6122,"14215","","",How many years have you lived at your current address?,NON_NUMERIC_SLIDER,"[{""text"": ""Less than one year"", ""value"": ""1""}, {""text"": ""1-2 years"", ""value"": ""2""}, {""text"": ""3-5 years"", ""value"": ""3""}, {""text"": ""6-10 years"", ""value"": ""4""}, {""text"": ""More than 10 years"", ""value"": ""5""}]","{}","{""TEXT"": {""max"": 4, ""min"": 0, ""step"": 1, ""type"": ""NUMERIC"", ""unit"": """", ""regex"": """", ""condition"": {}, ""initialize"": 8, ""imperial_unit"": null, ""alternative_unit"": null}, ""null_option_name"": ""Not Applicable""}","2025-11-17 14:41:27","2025-11-25 22:19:26",1,0,0,"","",0,"{}","{}","{}","{}",HOD060
6123,"14216","","","Is your home owned, being bought, rented, or occupied by some other arrangement by you or someone else in your family}?",NON_NUMERIC_SLIDER,"[{""text"": ""Owned or being bought"", ""value"": ""1""}, {""text"": ""Rented"", ""value"": ""2""}, {""text"": ""Other arrangement"", ""value"": ""3""}]","{}","{""TEXT"": {""max"": 2, ""min"": 0, ""step"": 1, ""type"": ""NUMERIC"", ""unit"": """", ""regex"": """", ""condition"": {}, ""initialize"": 8, ""imperial_unit"": null, ""alternative_unit"": null}, ""null_option_name"": ""Not Applicable""}","2025-11-17 14:41:28","2025-11-25 22:19:09",1,0,0,"","",0,"{}","{}","{}","{}",HOQ065
6124,"14217","","",Are any of the water treatment devices listed on this card used in your home?,SINGLE_CHOICE,"[{""text"": ""Yes"", ""value"": ""0""}, {""text"": ""No"", ""value"": ""1""}]","{}","{}","2025-11-17 14:41:28","2025-11-25 22:17:30",1,0,0,"","",0,"{}","{}","{}","{}",HOQ080
6125,"14218","","",When was your home originally built?,NON_NUMERIC_SLIDER,"[{""text"": ""1990 to present"", ""value"": ""1""}, {""text"": ""1978 to 1989"", ""value"": ""2""}, {""text"": ""1960 to 1977"", ""value"": ""3""}, {""text"": ""1950 to 1959"", ""value"": ""4""}, {""text"": ""1940 to 1949"", ""value"": ""5""}, {""text"": ""Before 1940"", ""value"": ""6""}]","{}","{""TEXT"": {""max"": 5, ""min"": 0, ""step"": 1, ""type"": ""NUMERIC"", ""unit"": """", ""regex"": """", ""condition"": {}, ""initialize"": 8, ""imperial_unit"": null, ""alternative_unit"": null}, ""null_option_name"": ""Not Applicable""}","2025-11-17 14:41:28","2025-11-25 22:17:10",1,0,0,"","",0,"{}","{}","{}","{}",HOQ040
6126,"14219","","",Has a doctor or other health professional ever told you that you have asthma?,SINGLE_CHOICE,"[{""text"": ""Yes"", ""value"": ""0""}, {""text"": ""No"", ""value"": ""1""}]","{}","{}","2025-11-17 14:41:29","2025-11-25 22:16:53",1,0,0,"","",0,"{}","{}","{}","{}",MCQ010
6127,"14220","","",Have you ever received a blood transfusion?,SINGLE_CHOICE,"[{""text"": ""Yes"", ""value"": ""0""}, {""text"": ""No"", ""value"": ""1""}]","{}","{}","2025-11-17 14:41:29","2025-11-25 22:16:31",1,0,0,"","",0,"{}","{}","{}","{}",MCQ092
6128,"14221","","","Do you/have trouble seeing, even when wearing glasses or contact lenses, if you wear them?",SINGLE_CHOICE,"[{""text"": ""Yes"", ""value"": ""0""}, {""text"": ""No"", ""value"": ""1""}]","{}","{}","2025-11-17 14:41:29","2025-11-25 22:16:13",1,0,0,"","",0,"{}","{}","{}","{}",MCQ140
6129,"14222","","",Has a doctor or other health professional ever told you that you had arthritis?,SINGLE_CHOICE,"[{""text"": ""Yes"", ""value"": ""0""}, {""text"": ""No"", ""value"": ""1""}]","{}","{}","2025-11-17 14:41:30","2025-11-25 22:15:52",1,0,0,"","",0,"{}","{}","{}","{}",MCQ160A
6130,"14223","","",Has a doctor or other health professional ever told you that you had congestive heart failure?,SINGLE_CHOICE,"[{""text"": ""Yes"", ""value"": ""0""}, {""text"": ""No"", ""value"": ""1""}]","{}","{}","2025-11-17 14:41:30","2025-11-25 22:15:27",1,0,0,"","",0,"{}","{}","{}","{}",MCQ160B
6131,"14224","","",Has a doctor or other health professional ever told you that you had coronary heart disease?,SINGLE_CHOICE,"[{""text"": ""Yes"", ""value"": ""0""}, {""text"": ""No"", ""value"": ""1""}]","{}","{}","2025-11-17 14:41:30","2025-11-25 22:15:07",1,0,0,"","",0,"{}","{}","{}","{}",MCQ160C
6132,"14225","","",Has a doctor or other health professional ever told you that you had a heart attack (also called myocardial infarction)?,SINGLE_CHOICE,"[{""text"": ""Yes"", ""value"": ""0""}, {""text"": ""No"", ""value"": ""1""}]","{}","{}","2025-11-17 14:41:31","2025-11-25 22:14:36",1,0,0,"","",0,"{}","{}","{}","{}",MCQ160E
6133,"14226","","",Has a doctor or other health professional ever told you that you had a stroke?,SINGLE_CHOICE,"[{""text"": ""Yes"", ""value"": ""0""}, {""text"": ""No"", ""value"": ""1""}]","{}","{}","2025-11-17 14:41:31","2025-11-25 22:14:13",1,0,0,"","",0,"{}","{}","{}","{}",MCQ160F
6134,"14227","","",Has a doctor or other health professional ever told you that you had emphysema?,SINGLE_CHOICE,"[{""text"": ""Yes"", ""value"": ""0""}, {""text"": ""No"", ""value"": ""1""}]","{}","{}","2025-11-17 14:41:31","2025-11-25 22:12:49",1,0,0,"","",0,"{}","{}","{}","{}",MCQ160G
6135,"14228","","","During the past 12 months, about how many days did you miss work at a job or business because of an illness or injury (do not include maternity leave)?",SINGLE_CHOICE,"[{""text"": ""Enter number"", ""value"": ""0""}, {""text"": ""Does not work"", ""value"": ""1""}]","{}","{}","2025-11-17 14:41:32","2025-11-25 22:12:30",1,0,0,"","",0,"{}","{}","{}","{}",MCQ245A
6136,"14229","","","During the past 12 months, about how many days did you miss work at a job or business because of an illness or injury (do not include maternity leave)?",TEXT_INPUT,"[{}]","{}","{""TEXT"": {""max"": 365, ""min"": 0, ""step"": 1, ""type"": ""NUMERIC"", ""unit"": null, ""regex"": ""[0-9]"", ""condition"": {}, ""initialize"": 8, ""imperial_unit"": null, ""alternative_unit"": null}, ""null_option_name"": ""Not Applicable""}","2025-11-17 14:41:32","2025-11-25 22:06:19",1,0,0,"","",0,"{}","{}","{}","{}",MCQ245B
6137,"14230","","","Including living and deceased, were any of your  biological that is, blood relatives including grandparents, parents, brothers, sisters ever told  by a health professional that they had Alzheimer's disease?",SINGLE_CHOICE,"[{""text"": ""Yes"", ""value"": ""0""}, {""text"": ""No"", ""value"": ""1""}]","{}","{}","2025-11-17 14:41:32","2025-11-25 22:05:53",1,0,0,"","",0,"{}","{}","{}","{}",MCQ250B
6138,"14231","","","Including living and deceased, were any of your biological that is, blood relatives including grandparents, parents, brothers, sisters ever told  by a health professional that they had high blood pressure or stroke before the age of 50?",SINGLE_CHOICE,"[{""text"": ""Yes"", ""value"": ""0""}, {""text"": ""No"", ""value"": ""1""}]","{}","{}","2025-11-17 14:41:33","2025-11-25 22:05:28",1,0,0,"","",0,"{}","{}","{}","{}",MCQ250F
6139,"14232","","","Including living and deceased, were any of your close biological that is, blood relatives including father, mother, sisters or brothers, ever told by a health professional that they had diabetes?",SINGLE_CHOICE,"[{""text"": ""Yes"", ""value"": ""0""}, {""text"": ""No"", ""value"": ""1""}]","{}","{}","2025-11-17 14:41:33","2025-11-25 22:05:01",1,0,0,"","",0,"{}","{}","{}","{}",MCQ300C
6140,"14233","","","Has anyone ever told you  that you had yellow skin, yellow eyes or jaundice? Please do not include infant jaundice, which is common during the first weeks after birth.",SINGLE_CHOICE,"[{""text"": ""Yes"", ""value"": ""0""}, {""text"": ""No"", ""value"": ""1""}]","{}","{}","2025-11-17 14:41:33","2025-11-25 22:04:19",1,0,0,"","",0,"{}","{}","{}","{}",MCQ203
6141,"14234","","","During the past 12 months, have you had pain, aching, stiffness or swelling in or around a joint? Do not include neck pain.",SINGLE_CHOICE,"[{""text"": ""Yes"", ""value"": ""0""}, {""text"": ""No"", ""value"": ""1""}]","{}","{}","2025-11-17 14:41:34","2025-11-25 22:03:58",1,0,0,"","",0,"{}","{}","{}","{}",MPQ010
6142,"14235","","","During the past 3 months, did you have neck pain?",SINGLE_CHOICE,"[{""text"": ""Yes"", ""value"": ""0""}, {""text"": ""No"", ""value"": ""1""}]","{}","{}","2025-11-17 14:41:34","2025-11-25 22:03:42",1,0,0,"","",0,"{}","{}","{}","{}",MPQ060
6143,"14236","","","During the past 3 months, did you have low back pain?",SINGLE_CHOICE,"[{""text"": ""Yes"", ""value"": ""0""}, {""text"": ""No"", ""value"": ""1""}]","{}","{}","2025-11-17 14:41:34","2025-11-25 22:03:25",1,0,0,"","",0,"{}","{}","{}","{}",MPQ070
6144,"14237","","","During the past 3 months, did you have severe headaches or migraines?",SINGLE_CHOICE,"[{""text"": ""Yes"", ""value"": ""0""}, {""text"": ""No"", ""value"": ""1""}]","{}","{}","2025-11-17 14:41:35","2025-11-25 22:01:34",1,0,0,"","",0,"{}","{}","{}","{}",MPQ090
6145,"14238","","","During the past month, have you had a problem with pain that lasted more than 24 hours?",SINGLE_CHOICE,"[{""text"": ""Yes"", ""value"": ""0""}, {""text"": ""No"", ""value"": ""1""}]","{}","{}","2025-11-17 14:41:35","2025-11-25 22:01:18",1,0,0,"","",0,"{}","{}","{}","{}",MPQ100
6146,"14239","","",What was the main reason you last visited the dentist?,NON_NUMERIC_SLIDER,"[{""text"": ""Went in on own for check-up, examination, or cleaning"", ""value"": ""1""}, {""text"": ""Was called in by the dentist for check-up, examination, or cleaning"", ""value"": ""2""}, {""text"": ""Something was wrong, bothering or hurting me"", ""value"": ""3""}, {""text"": ""Went for treatment of a condition that dentist discovered at earlier checkup or examination"", ""value"": ""4""}, {""text"": ""Other"", ""value"": ""5""}]","{}","{""TEXT"": {""max"": 4, ""min"": 0, ""step"": 1, ""type"": ""NUMERIC"", ""unit"": """", ""regex"": """", ""condition"": {}, ""initialize"": 8, ""imperial_unit"": null, ""alternative_unit"": null}, ""null_option_name"": ""Not Applicable""}","2025-11-17 14:41:35","2025-11-25 22:00:53",1,0,0,"","",0,"{}","{}","{}","{}",OHQ033
6147,"14240","","","How often during the last year have you had difficulty doing your usual jobs or attending school because of problems with your teeth, mouth or dentures?",NON_NUMERIC_SLIDER,"[{""text"": ""Very often"", ""value"": ""1""}, {""text"": ""Fairly often"", ""value"": ""2""}, {""text"": ""Occasionally"", ""value"": ""3""}, {""text"": ""Hardly ever"", ""value"": ""4""}, {""text"": ""Never"", ""value"": ""5""}]","{}","{""TEXT"": {""max"": 4, ""min"": 0, ""step"": 1, ""type"": ""NUMERIC"", ""unit"": """", ""regex"": """", ""condition"": {}, ""initialize"": 8, ""imperial_unit"": null, ""alternative_unit"": null}, ""null_option_name"": ""Not Applicable""}","2025-11-17 14:41:36","2025-11-25 22:00:36",1,0,0,"","",0,"{}","{}","{}","{}",OHQ640
6148,"14241","","","How often during the last year have you been self-conscious or embarrassed because of  your teeth, mouth or dentures?",NON_NUMERIC_SLIDER,"[{""text"": ""Very often"", ""value"": ""1""}, {""text"": ""Fairly often"", ""value"": ""2""}, {""text"": ""Occasionally"", ""value"": ""3""}, {""text"": ""Hardly ever"", ""value"": ""4""}, {""text"": ""Never"", ""value"": ""5""}]","{}","{""TEXT"": {""max"": 4, ""min"": 0, ""step"": 1, ""type"": ""NUMERIC"", ""unit"": """", ""regex"": """", ""condition"": {}, ""initialize"": 8, ""imperial_unit"": null, ""alternative_unit"": null}, ""null_option_name"": ""Not Applicable""}","2025-11-17 14:41:36","2025-11-25 21:59:19",1,0,0,"","",0,"{}","{}","{}","{}",OHQ680
6149,"14242","","",During the past 12 months was there a time when you needed dental care but could not get it at that time?,SINGLE_CHOICE,"[{""text"": ""Yes"", ""value"": ""0""}, {""text"": ""No"", ""value"": ""1""}]","{}","{}","2025-11-17 14:41:36","2025-11-25 21:59:02",1,0,0,"","",0,"{}","{}","{}","{}",OHQ770
6150,"14243","","","Over the past 30 days, did you do any vigorous activities for at least 10 minutes that caused heavy sweating, or large increases in breathing or heart rate?  Some examples are running, lap swimming, aerobics classes or fast bicycling.",NON_NUMERIC_SLIDER,"[{""text"": ""Yes"", ""value"": ""1""}, {""text"": ""No"", ""value"": ""2""}, {""text"": ""Unable to do activity"", ""value"": ""3""}]","{}","{""TEXT"": {""max"": 2, ""min"": 0, ""step"": 1, ""type"": ""NUMERIC"", ""unit"": """", ""regex"": """", ""condition"": {}, ""initialize"": 8, ""imperial_unit"": null, ""alternative_unit"": null}, ""null_option_name"": ""Not Applicable""}","2025-11-17 14:41:37","2025-11-25 21:58:42",1,0,0,"","",0,"{}","{}","{}","{}",PAD200
6151,"14244","","","Compared with most people your age, would you say that you are …",NON_NUMERIC_SLIDER,"[{""text"": ""More active"", ""value"": ""1""}, {""text"": ""Less active"", ""value"": ""2""}, {""text"": ""About the same"", ""value"": ""3""}]","{}","{""TEXT"": {""max"": 2, ""min"": 0, ""step"": 1, ""type"": ""NUMERIC"", ""unit"": """", ""regex"": """", ""condition"": {}, ""initialize"": 8, ""imperial_unit"": null, ""alternative_unit"": null}, ""null_option_name"": ""Not Applicable""}","2025-11-17 14:41:37","2025-11-25 21:54:13",1,0,0,"","",0,"{}","{}","{}","{}",PAQ520
6152,"14245","","","In a typical week, on how many days do you do moderate-intensity activities as part of your work?",NUMBER_PICKER,"[{""text"": ""1"", ""value"": ""1""}, {""text"": ""2"", ""value"": ""2""}, {""text"": ""3"", ""value"": ""3""}, {""text"": ""4"", ""value"": ""4""}, {""text"": ""5"", ""value"": ""5""}, {""text"": ""6"", ""value"": ""6""}, {""text"": ""7"", ""value"": ""7""}]","{}","{""TEXT"": {""max"": 6, ""min"": 0, ""step"": 1, ""type"": ""NUMERIC"", ""unit"": ""\n    Considering the following units: [\""bpm\"", \""mmHg\"", \""IU/L\"", \""mg/dL\"", \""mmol/L\"", \""g/dL\"", \""ug/dL\"", \""(x 10³ cells/uL)\"", \""%\"", \""x10^3 cells/uL\"", \""fL\"", \""ug/L\"", \""ng/mL\"", \""mg/L\"", \""nmol/L\"", \""\"", \""kg\"", \""years\"", \""times\"", \""days\"", \""mins\"", \""minutes\"", \""hours\"", \""mg\"", \""mcg\"", \""g\"", \""cal\"", \""gm\"", \""null\"", \""NRBCs/100 WBCs\"", \""L\"", \""breaths/min\"", \""servings\"", \""friends\"", \""meals\"", \""x10^6 cells/uL\"", \""pg\"", \""seconds\"", \""U/L\"", \""mcg/mL\"", \""mcg/dL\"", \""pg/mL\"", \""µU/mL\"", \""ng/dL\"", \""# of drinks\"", \""Soda Drinks\"", \""people\"", \""mg/g\"", \""mL/kg/min\""]\n    What is the suggested unit for the question: \""In a typical week, on how many days do you do moderate-intensity activities as part of your work?\""\n    Answer by unit name only.\n    "", ""regex"": """", ""condition"": {}, ""initialize"": 8, ""imperial_unit"": null, ""alternative_unit"": null}, ""null_option_name"": ""Not Applicable""}","2025-11-17 14:41:39","2025-11-25 21:53:40",1,0,0,"","",0,"{}","{}","{}","{}",PAQ625
6153,"14246","","","In a typical week do you do any vigorous-intensity sports, fitness, or recreational activities that cause large increases in breathing or heart rate like running or basketball for at least 10 minutes continuously?",SINGLE_CHOICE,"[{""text"": ""Yes"", ""value"": ""0""}, {""text"": ""No"", ""value"": ""1""}]","{}","{}","2025-11-17 14:41:39","2025-11-25 21:53:09",1,0,0,"","",0,"{}","{}","{}","{}",PAQ650
6154,"14247","","","In a typical week, on how many days do you do moderate-intensity sports, fitness or recreational activities?",NUMBER_PICKER,"[{""text"": ""1"", ""value"": ""1""}, {""text"": ""2"", ""value"": ""2""}, {""text"": ""3"", ""value"": ""3""}, {""text"": ""4"", ""value"": ""4""}, {""text"": ""5"", ""value"": ""5""}, {""text"": ""6"", ""value"": ""6""}, {""text"": ""7"", ""value"": ""7""}]","{}","{""TEXT"": {""max"": 6, ""min"": 0, ""step"": 1, ""type"": ""NUMERIC"", ""unit"": ""\n    Considering the following units: [\""bpm\"", \""mmHg\"", \""IU/L\"", \""mg/dL\"", \""mmol/L\"", \""g/dL\"", \""ug/dL\"", \""(x 10³ cells/uL)\"", \""%\"", \""x10^3 cells/uL\"", \""fL\"", \""ug/L\"", \""ng/mL\"", \""mg/L\"", \""nmol/L\"", \""\"", \""kg\"", \""years\"", \""times\"", \""days\"", \""mins\"", \""minutes\"", \""hours\"", \""mg\"", \""mcg\"", \""g\"", \""cal\"", \""gm\"", \""null\"", \""NRBCs/100 WBCs\"", \""L\"", \""breaths/min\"", \""servings\"", \""friends\"", \""meals\"", \""x10^6 cells/uL\"", \""pg\"", \""seconds\"", \""U/L\"", \""mcg/mL\"", \""mcg/dL\"", \""pg/mL\"", \""µU/mL\"", \""ng/dL\"", \""# of drinks\"", \""Soda Drinks\"", \""people\"", \""mg/g\"", \""mL/kg/min\""]\n    What is the suggested unit for the question: \""In a typical week, on how many days do you do moderate-intensity sports, fitness or recreational activities?\""\n    Answer by unit name only.\n    "", ""regex"": """", ""condition"": {}, ""initialize"": 8, ""imperial_unit"": null, ""alternative_unit"": null}, ""null_option_name"": ""Not Applicable""}","2025-11-17 14:41:39","2025-11-25 21:52:52",1,0,0,"","",0,"{}","{}","{}","{}",PAQ670
6155,"14248","","","Have you had a hysterectomy that is, surgery to remove your uterus or womb?",SINGLE_CHOICE,"[{""text"": ""Yes"", ""value"": ""0""}, {""text"": ""No"", ""value"": ""1""}]","{}","{}","2025-11-17 14:41:40","2025-11-25 21:50:51",1,0,0,"","",0,"{}","{}","{}","{}",RHD280
6156,"14249","","","Have you ever used female hormones such as estrogen and progesterone?  Please include any forms of female hormones, such as pills, cream, patch, and injectables, but do not include birth control methods or use for infertility.",SINGLE_CHOICE,"[{""text"": ""Yes"", ""value"": ""0""}, {""text"": ""No"", ""value"": ""1""}]","{}","{}","2025-11-17 14:41:40","2025-11-25 21:50:12",1,0,0,"","",0,"{}","{}","{}","{}",RHQ540
6157,"14250","","","Have you had at least one menstrual period in the past 12 months? (Please do not include bleedings caused by medical conditions, hormone therapy, or surgeries.)",SINGLE_CHOICE,"[{""text"": ""Yes"", ""value"": ""0""}, {""text"": ""No"", ""value"": ""1""}]","{}","{}","2025-11-17 14:41:40","2025-11-25 21:49:57",1,0,0,"","",0,"{}","{}","{}","{}",RHQ031
6158,"14251","","",How much did you weigh a year ago?,TEXT_INPUT,"[{}]","{}","{""TEXT"": {""max"": 415, ""min"": 55, ""step"": 1, ""type"": ""NUMERIC"", ""unit"": null, ""regex"": ""[0-9]"", ""condition"": {}, ""initialize"": 8, ""imperial_unit"": null, ""alternative_unit"": null}, ""null_option_name"": ""Not Applicable""}","2025-11-17 14:41:41","2025-11-25 21:49:33",1,0,0,"","",0,"{}","{}","{}","{}",WHD050
6159,"14252","","","How much did you weigh 10 years ago?  If you don't know your exact weight, please make your best guess.",TEXT_INPUT,"[{}]","{}","{""TEXT"": {""max"": 550, ""min"": 50, ""step"": 1, ""type"": ""NUMERIC"", ""unit"": null, ""regex"": ""[0-9]"", ""condition"": {}, ""initialize"": 8, ""imperial_unit"": null, ""alternative_unit"": null}, ""null_option_name"": ""Not Applicable""}","2025-11-17 14:41:41","2025-11-25 21:46:25",1,0,0,"","",0,"{}","{}","{}","{}",WHD110
6160,"14253","","","How tall were you at age 25?  If you don't know your exact height, please make your best guess.",TEXT_INPUT,"[{}]","{}","{""TEXT"": {""max"": 79, ""min"": 39, ""step"": 1, ""type"": ""NUMERIC"", ""unit"": null, ""regex"": ""[0-9]"", ""condition"": {}, ""initialize"": 8, ""imperial_unit"": null, ""alternative_unit"": null}, ""null_option_name"": ""Not Applicable""}","2025-11-17 14:41:42","2025-11-25 21:46:06",1,0,0,"","",0,"{}","{}","{}","{}",WHD130
6161,"14254","","","Have you ever been told by a doctor or other health professional that you had weak or failing kidneys?  Do not include kidney stones, bladder infections, or incontinence.",SINGLE_CHOICE,"[{""text"": ""Yes"", ""value"": ""0""}, {""text"": ""No"", ""value"": ""1""}]","{}","{}","2025-11-17 14:41:42","2025-11-25 21:45:51",1,0,0,"","",0,"{}","{}","{}","{}",KIQ022
6162,"14255","","","During the past 12 months, have you leaked or lost control of even a small amount of urine with an activity like coughing, lifting or exercise?",SINGLE_CHOICE,"[{""text"": ""Yes"", ""value"": ""0""}, {""text"": ""No"", ""value"": ""1""}]","{}","{}","2025-11-17 14:41:42","2025-11-25 21:45:21",1,0,0,"","",0,"{}","{}","{}","{}",KIQ042
6163,"14256","","","During the past 12 months, have you leaked or lost control of even a small amount of urine with an urge or pressure to urinate and you couldn't get to the toilet fast enough?`",SINGLE_CHOICE,"[{""text"": ""Yes"", ""value"": ""0""}, {""text"": ""No"", ""value"": ""1""}]","{}","{}","2025-11-17 14:41:43","2025-11-25 21:42:51",1,0,0,"","",0,"{}","{}","{}","{}",KIQ044
6164,"14257","","","During the past 12 months, have you leaked or lost control of even a small amount of urine without an activity like coughing, lifting, or exercise, or an urge to urinate?",SINGLE_CHOICE,"[{""text"": ""Yes"", ""value"": ""0""}, {""text"": ""No"", ""value"": ""1""}]","{}","{}","2025-11-17 14:41:43","2025-11-25 21:42:26",1,0,0,"","",0,"{}","{}","{}","{}",KIQ046
6165,"14258","","","During the past 12 months, how much did your leakage of urine bother you?",NON_NUMERIC_SLIDER,"[{""text"": ""Not at all"", ""value"": ""1""}, {""text"": ""Only a little"", ""value"": ""2""}, {""text"": ""Somewhat"", ""value"": ""3""}, {""text"": ""Very much"", ""value"": ""4""}, {""text"": ""Greatly"", ""value"": ""5""}]","{}","{""TEXT"": {""max"": 4, ""min"": 0, ""step"": 1, ""type"": ""NUMERIC"", ""unit"": """", ""regex"": """", ""condition"": {}, ""initialize"": 8, ""imperial_unit"": null, ""alternative_unit"": null}, ""null_option_name"": ""Not Applicable""}","2025-11-17 14:41:43","2025-11-25 21:42:07",1,0,0,"","",0,"{}","{}","{}","{}",KIQ050
6166,"14259","","",How often do you have urinary leakage?,NON_NUMERIC_SLIDER,"[{""text"": ""Never"", ""value"": ""1""}, {""text"": ""Less than once a month"", ""value"": ""2""}, {""text"": ""A few times a month"", ""value"": ""3""}, {""text"": ""A few times a week"", ""value"": ""4""}, {""text"": ""Every day and/or night"", ""value"": ""5""}]","{}","{""TEXT"": {""max"": 4, ""min"": 0, ""step"": 1, ""type"": ""NUMERIC"", ""unit"": """", ""regex"": """", ""condition"": {}, ""initialize"": 8, ""imperial_unit"": null, ""alternative_unit"": null}, ""null_option_name"": ""Not Applicable""}","2025-11-17 14:41:44","2025-11-25 21:41:11",1,0,0,"","",0,"{}","{}","{}","{}",KIQ005
6167,"14260","","","During the past 30 days, how many times per night did you most typically get up to urinate, from the time you went to bed at night until the time you/got up in the morning.",NON_NUMERIC_SLIDER,"[{""text"": ""0"", ""value"": ""0""}, {""text"": ""1"", ""value"": ""1""}, {""text"": ""2"", ""value"": ""2""}, {""text"": ""3"", ""value"": ""3""}, {""text"": ""4"", ""value"": ""4""}, {""text"": ""5 or more"", ""value"": ""5""}]","{}","{""TEXT"": {""max"": 5, ""min"": 0, ""step"": 1, ""type"": ""NUMERIC"", ""unit"": """", ""regex"": """", ""condition"": {}, ""initialize"": 8, ""imperial_unit"": null, ""alternative_unit"": null}, ""null_option_name"": ""Not Applicable""}","2025-11-17 14:41:44","2025-11-25 21:38:11",1,0,0,"","",0,"{}","{}","{}","{}",KIQ480
6168,"14261","","",Have you ever had kidney stones?,SINGLE_CHOICE,"[{""text"": ""Yes"", ""value"": ""0""}, {""text"": ""No"", ""value"": ""1""}]","{}","{}","2025-11-17 14:41:44","2025-11-25 21:37:55",1,0,0,"","",0,"{}","{}","{}","{}",KIQ026
6169,"14262","","",How often during the past 30 days have you had any amount of accidental bowel leakage that consisted of liquid stool?,NON_NUMERIC_SLIDER,"[{""text"": ""2 or more times a day"", ""value"": ""1""}, {""text"": ""Once a day,"", ""value"": ""2""}, {""text"": ""2 or more times a week"", ""value"": ""3""}, {""text"": ""Once a week"", ""value"": ""4""}, {""text"": ""1-3 times a month"", ""value"": ""5""}, {""text"": ""Never"", ""value"": ""6""}]","{}","{""TEXT"": {""max"": 5, ""min"": 0, ""step"": 1, ""type"": ""NUMERIC"", ""unit"": """", ""regex"": """", ""condition"": {}, ""initialize"": 8, ""imperial_unit"": null, ""alternative_unit"": null}, ""null_option_name"": ""Not Applicable""}","2025-11-17 14:41:45","2025-11-25 21:37:38",1,0,0,"","",0,"{}","{}","{}","{}",BHQ030
6170,"14263","","",How many times per week do you usually have a bowel movement?,TEXT_INPUT,"[{}]","{}","{""TEXT"": {""max"": 28, ""min"": 1, ""step"": 1, ""type"": ""NUMERIC"", ""unit"": null, ""regex"": ""[0-9]"", ""condition"": {}, ""initialize"": 8, ""imperial_unit"": null, ""alternative_unit"": null}, ""null_option_name"": ""Not Applicable""}","2025-11-17 14:41:45","2025-11-25 21:34:59",1,0,0,"","",0,"{}","{}","{}","{}",BHD050
6171,"14264","","",Please look at this card and tell me the number that corresponds to your usual or most common stool type.,NON_NUMERIC_SLIDER,"[{""text"": ""Type 1 (separate hard lumps, like nuts),"", ""value"": ""1""}, {""text"": ""Type 2 (sausage-like, but lumpy),"", ""value"": ""2""}, {""text"": ""Type 3 (like a sausage but with cracks in the surface),"", ""value"": ""3""}, {""text"": ""Type 4 (like a sausage or snake, smooth and soft),"", ""value"": ""4""}, {""text"": ""Type 5 (soft blobs with clear-cut edges),"", ""value"": ""5""}, {""text"": ""Type 6 (fluffy pieces with ragged edges, a mushy stool),"", ""value"": ""6""}, {""text"": ""Type 7 (watery, no solid pieces)"", ""value"": ""7""}]","{}","{""TEXT"": {""max"": 6, ""min"": 0, ""step"": 1, ""type"": ""NUMERIC"", ""unit"": """", ""regex"": """", ""condition"": {}, ""initialize"": 8, ""imperial_unit"": null, ""alternative_unit"": null}, ""null_option_name"": ""Not Applicable""}","2025-11-17 14:41:45","2025-11-25 21:33:55",1,0,0,"","",0,"{}","{}","{}","{}",BHQ060
6172,"14265","","","In the past 12 months, how often did you snort, gasp, or stop breathing while you were asleep?",NON_NUMERIC_SLIDER,"[{""text"": ""Never"", ""value"": ""0""}, {""text"": ""Rarely (1-2 nights/week)"", ""value"": ""1""}, {""text"": ""Occasionally (3-4 nights/week)"", ""value"": ""2""}, {""text"": ""Frequently (5 or more nights/week)"", ""value"": ""3""}]","{}","{""TEXT"": {""max"": 3, ""min"": 0, ""step"": 1, ""type"": ""NUMERIC"", ""unit"": """", ""regex"": """", ""condition"": {}, ""initialize"": 8, ""imperial_unit"": null, ""alternative_unit"": null}, ""null_option_name"": ""Not Applicable""}","2025-11-17 14:41:46","2025-11-25 21:33:30",1,0,0,"","",0,"{}","{}","{}","{}",SLQ040
6173,"14266","","","During the past 5 days, did you use any product containing nicotine including cigarettes, pipes, cigars, chewing tobacco, snuff, nicotine patches, nicotine gum, or any other product containing nicotine?",SINGLE_CHOICE,"[{""text"": ""Yes"", ""value"": ""0""}, {""text"": ""No"", ""value"": ""1""}]","{}","{}","2025-11-17 14:41:46","2025-11-25 21:33:09",1,0,0,"","",0,"{}","{}","{}","{}",SMQ680
6174,"14267","","","Smokeless tobacco products are placed in the mouth or nose and include chewing tobacco, snuff, snus, or dissolvables.  During the past 5 days, including today, did you use any smokeless tobacco? (Please do not include nicotine replacement products like patches, gum, lozenge, or spray which are considered products to help {you/him/her} stop smoking.)",SINGLE_CHOICE,"[{""text"": ""Yes"", ""value"": ""0""}, {""text"": ""No"", ""value"": ""1""}]","{}","{}","2025-11-17 14:41:46","2025-11-25 21:32:27",1,0,0,"","",0,"{}","{}","{}","{}",SMQ851
6175,"14268","","","Is anyone in your family on any kind of diet, either to lose weight or for some other health-related reason?",SINGLE_CHOICE,"[{""text"": ""Yes"", ""value"": ""0""}, {""text"": ""No"", ""value"": ""1""}]","{}","{}","2025-11-17 14:41:47","2025-11-25 21:32:10",1,0,0,"","",0,"{}","{}","{}","{}",CBD010
6176,"14269","","","How often do you have 1% fat, skim or fat-free milk available at home?  Please do not include 2% milk.",NON_NUMERIC_SLIDER,"[{""text"": ""Always"", ""value"": ""1""}, {""text"": ""Most of the time"", ""value"": ""2""}, {""text"": ""Sometimes"", ""value"": ""3""}, {""text"": ""Rarely"", ""value"": ""4""}, {""text"": ""Never"", ""value"": ""5""}]","{}","{""TEXT"": {""max"": 4, ""min"": 0, ""step"": 1, ""type"": ""NUMERIC"", ""unit"": """", ""regex"": """", ""condition"": {}, ""initialize"": 8, ""imperial_unit"": null, ""alternative_unit"": null}, ""null_option_name"": ""Not Applicable""}","2025-11-17 14:41:47","2025-11-25 21:25:02",1,0,0,"","",0,"{}","{}","{}","{}",CBQ050
6177,"14270","","",How often do you do the major food shopping for yourself or your family?  Please do not include times when you buy only a few items. ,NON_NUMERIC_SLIDER,"[{""text"": ""More than once a week"", ""value"": ""1""}, {""text"": ""Once a week"", ""value"": ""2""}, {""text"": ""Once every two weeks"", ""value"": ""3""}, {""text"": ""Once a month or less"", ""value"": ""4""}, {""text"": ""Rarely make any major shopping trips, only small trips"", ""value"": ""5""}, {""text"": ""Rarely shop for food"", ""value"": ""6""}]","{}","{""TEXT"": {""max"": 5, ""min"": 0, ""step"": 1, ""type"": ""NUMERIC"", ""unit"": """", ""regex"": """", ""condition"": {}, ""initialize"": 8, ""imperial_unit"": null, ""alternative_unit"": null}, ""null_option_name"": ""Not Applicable""}","2025-11-17 14:41:47","2025-11-25 21:24:47",1,0,0,"","",0,"{}","{}","{}","{}",CBQ140
6178,"14271","","","During the past 7 days, how many meals did all or most of your family sit down and eat together at home?",NON_NUMERIC_SLIDER,"[{""text"": ""Never"", ""value"": ""0""}, {""text"": ""Range of Values"", ""value"": ""1 to 35""}, {""text"": ""Single person family"", ""value"": ""666""}]","{}","{""TEXT"": {""max"": 2, ""min"": 0, ""step"": 1, ""type"": ""NUMERIC"", ""unit"": """", ""regex"": """", ""condition"": {}, ""initialize"": 8, ""imperial_unit"": null, ""alternative_unit"": null}, ""null_option_name"": ""Not Applicable""}","2025-11-17 14:41:48","2025-11-25 21:24:28",1,0,0,"","",0,"{}","{}","{}","{}",CBD180
6179,"14272","","",Do you have serious difficulty hearing?,SINGLE_CHOICE,"[{""text"": ""Yes"", ""value"": ""0""}, {""text"": ""No"", ""value"": ""1""}]","{}","{}","2025-11-17 14:41:48","2025-11-25 21:24:16",1,0,0,"","",0,"{}","{}","{}","{}",DLQ010
6180,"14273","","",Do you have serious difficulty seeing even when wearing glasses?,SINGLE_CHOICE,"[{""text"": ""Yes"", ""value"": ""0""}, {""text"": ""No"", ""value"": ""1""}]","{}","{}","2025-11-17 14:41:48","2025-11-25 21:24:04",1,0,0,"","",0,"{}","{}","{}","{}",DLQ020
6181,"14274","","","Because of a physical, mental, or emotional condition, do you have serious difficulty concentrating, remembering, or making decisions?",SINGLE_CHOICE,"[{""text"": ""Yes"", ""value"": ""0""}, {""text"": ""No"", ""value"": ""1""}]","{}","{}","2025-11-17 14:41:49","2025-11-25 21:23:43",1,0,0,"","",0,"{}","{}","{}","{}",DLQ040
6182,"14275","","",Do you have serious difficulty walking or climbing stairs?,SINGLE_CHOICE,"[{""text"": ""Yes"", ""value"": ""0""}, {""text"": ""No"", ""value"": ""1""}]","{}","{}","2025-11-17 14:41:49","2025-11-25 21:23:20",1,0,0,"","",0,"{}","{}","{}","{}",DLQ050
6183,"14276","","","Because of a physical, mental, or emotional condition, do you have difficulty doing errands alone such as visiting a doctor's office or shopping?",SINGLE_CHOICE,"[{""text"": ""Yes"", ""value"": ""0""}, {""text"": ""No"", ""value"": ""1""}]","{}","{}","2025-11-17 14:41:49","2025-11-25 21:23:03",1,0,0,"","",0,"{}","{}","{}","{}",DLQ080
6184,"14277","","","During the last 7 days, were you working at a job or business outside of the home?",SINGLE_CHOICE,"[{""text"": ""Yes"", ""value"": ""0""}, {""text"": ""No"", ""value"": ""1""}]","{}","{}","2025-11-17 14:41:50","2025-11-25 21:22:41",1,0,0,"","",0,"{}","{}","{}","{}",SMQ856
6185,"14278","","","While you were working at a job or business outside of the home, did someone else smoke cigarettes or other tobacco products indoors?",SINGLE_CHOICE,"[{""text"": ""Yes"", ""value"": ""0""}, {""text"": ""No"", ""value"": ""1""}]","{}","{}","2025-11-17 14:41:50","2025-11-25 21:18:01",1,0,0,"","",0,"{}","{}","{}","{}",SMQ858
6186,"14279","","","During the last 7 days, did you spend time in a restaurant?",SINGLE_CHOICE,"[{""text"": ""Yes"", ""value"": ""0""}, {""text"": ""No"", ""value"": ""1""}]","{}","{}","2025-11-17 14:41:50","2025-11-25 21:17:45",1,0,0,"","",0,"{}","{}","{}","{}",SMQ860
6187,"14280","","","While you were in a restaurant, did someone else smoke cigarettes or other tobacco products indoors?",SINGLE_CHOICE,"[{""text"": ""Yes"", ""value"": ""0""}, {""text"": ""No"", ""value"": ""1""}]","{}","{}","2025-11-17 14:41:51","2025-11-25 21:16:57",1,0,0,"","",0,"{}","{}","{}","{}",SMQ862
6188,"14281","","","During the last 7 days, did you ride in a car or motor vehicle?",SINGLE_CHOICE,"[{""text"": ""Yes"", ""value"": ""0""}, {""text"": ""No"", ""value"": ""1""}]","{}","{}","2025-11-17 14:41:51","2025-11-25 20:57:43",1,0,0,"","",0,"{}","{}","{}","{}",SMQ870
6189,"14282","","","While you were riding in a car or motor vehicle, did someone else smoke cigarettes or other tobacco products?",SINGLE_CHOICE,"[{""text"": ""Yes"", ""value"": ""0""}, {""text"": ""No"", ""value"": ""1""}]","{}","{}","2025-11-17 14:41:51","2025-11-25 20:57:20",1,0,0,"","",0,"{}","{}","{}","{}",SMQ872
6196,"14600",Healthy Fats,How much sleep do you get (hours)?,Last 7-d someone smoked in car?,TEXT_INPUT,"[{}]","{}","{}","2025-12-03 20:29:10","2025-12-03 20:29:47",0,0,0,"","",0,"{}","{}","{""ar"": ""كم عدد ساعات النوم التي تحصل عليها؟"", ""en"": ""How much sleep do you get (hours)?"", ""es"": ""¿Cuántas horas duermes?"", ""pt"": ""Quantas horas você dorme por dia?"", ""ru"": ""Сколько часов вы спите?"", ""tr"": ""Kaç saat uyuyorsunuz?""}","{}","443"
